zipcodes,facility_name,facility_id,facility_comment,recent_capacity,detail_url,report_count,total_enrolled,recent_report_date
,JCCSF BROTHERHOOD WAY PRESCHOOL,380500086,"LICENSED TO SERVE CHILDREN AGED 2-5.5 YRS OLD IN ROOMS ELAN, NETA,    ELANGARDEN, NEVATIM, NITZANIM, INNER STUDIO AND THE STUDIO.           DAYS AND HOURS OF OPERATION: MONDAY TO FRIDAY FROM 8AM-6PM.",68,https://www.ccld.dss.ca.gov/transparencyapi/api/FacilityDetail/380500086,5,68,2022-04-06
,CALVARY PRESBYTERIAN CHURCH NURSERY SCHOOL,380500099,"LICENSED TO SERVE CHILDREN AGES 2 TO ENTRY INTO FIRST GRADE. DAYS AND HOURS OF OPERATION: MONDAY THRU FRIDAY, 8:00AM TO 5:00PM. SEE         SCHEDULED OUTDOOR WAIVER.",75,https://www.ccld.dss.ca.gov/transparencyapi/api/FacilityDetail/380500099,3,75,2023-05-17
,GLENRIDGE COOPERATIVE NURSERY SCHOOL,380500240,"LICENSED TO SERVE CHILDREN AGED 2.6 - 5.0 YEARS OLD.                  DAYS & HOURS OF OPERATION:  MONDAY - FRIDAY, 9:30 A.M. - 4:30 P.M.    NO YARD.  PLAYGROUND WAIVER.",45,https://www.ccld.dss.ca.gov/transparencyapi/api/FacilityDetail/380500240,6,45,2022-01-19
,HAIGHT ASHBURY COOPERATIVE NURSERY SCHOOL,380500254,"HOURS OF OPERATION: 9:30 AM - 1:00 PM,  MONDAY - FRIDAY.              AGES: 2.0 - 6.0.",24,https://www.ccld.dss.ca.gov/transparencyapi/api/FacilityDetail/380500254,4,,2023-02-10
,HOLY FAMILY DAY HOME,380500308,LICENSED TO SERVE CHILDREN AGES 2 TO ENTRY INTO FIRST GRADE. HOURS OF OPERATION: MONDAY-FRIDAY FROM 7:00AM TO 5:30PM. SUBJECT TO TERMS AND  CONDITIONS OF OUTDOOR ROTATION AND ELECTRONIC SIGNATURE WAIVERS.,150,https://www.ccld.dss.ca.gov/transparencyapi/api/FacilityDetail/380500308,9,,2024-01-04
,LAKESIDE PRESBYTERIAN CHURCH NURSERY SCHOOL,380500371,"LICENSED TO SERVE CHILDREN AGED 2.6 - 5.9 YEARS OLD.                  DAYS & HOURS OF OPERATION:  MONDAY - FRIDAY, 7:30 A.M. - 6:00 P.M.,   ALL YEAR.",75,https://www.ccld.dss.ca.gov/transparencyapi/api/FacilityDetail/380500371,3,,2023-11-08
,ONE FIFTY PARKER AVENUE NURSERY SCHOOL,380500487,LICENSED TO SERVE CHILDREN AGES 2 TO ENTRY INTO FIRST GRADE IN        NURSERY AND KINDERGARTEN BLDGS. HOURS OF OPERATION: MON-FRI FROM      8:00AM-6:00PM. NUSERY BLDG-23 CAP. KINDERGARTEN BLDG-12 CAP. SUBJECT,35,https://www.ccld.dss.ca.gov/transparencyapi/api/FacilityDetail/380500487,6,35,2022-06-15
,PACIFIC PRIMARY,380500491,LICENSED TO SERVE CHILDREN AGES 2 TO ENTRY INTO FIRST GRADE. HOURS OF OPERATION: MONDAY-FRIDAY FROM 7:00AM-6:30PM. SUBJECT TO TERMS AND     CONDITIONS OF ELECTRONIC SIGNATURE WAIVER.,80,https://www.ccld.dss.ca.gov/transparencyapi/api/FacilityDetail/380500491,5,80,2022-10-21
,PHOEBE A. HEARST PRESCHOOL LEARNING CENTER,380500512,"AGE RANGES: 2.0 - 5.9 YEARS.  HOURS OF OPERATION:  7:30 AM - 6:00 PM, MONDAY THROUGH FRIDAY.",125,https://www.ccld.dss.ca.gov/transparencyapi/api/FacilityDetail/380500512,6,125,2022-11-03
,SAN FRANCISCO SCHOOL,380500581,"LICENSED TO SERVE 2.5 YEARS - 6 YEARS.  MONDAY - FRIDAY,              7:30 A.M. - 6:00 P.M.",42,https://www.ccld.dss.ca.gov/transparencyapi/api/FacilityDetail/380500581,4,42,2023-03-24
,ST. JAMES EPISCOPAL CHURCH NURSERY SCHOOL,380500619,LICENSED TO SERVE CHILDREN AGES 2 TO ENTRY INTO FIRST GRADE. HOURS OF OPERATION: MONDAY-FRIDAY FROM 7:30AM-6:00PM. SUBJECT TO TERMS AND     CONDTIONS OF OUTDOOR ROTATION AND ELECTRONIC SIGNATURE WAIVERS.,42,https://www.ccld.dss.ca.gov/transparencyapi/api/FacilityDetail/380500619,4,42,2023-03-17
,MONTESSORI HOUSE OF CHILDREN,380501318,"AGE RANGES:  2.0 - 6.0 YEARS.  HOURS OF OPERATION:  7:00 AM - 6:00 PM,MONDAY THROUGH FRIDAY.",110,https://www.ccld.dss.ca.gov/transparencyapi/api/FacilityDetail/380501318,6,,2023-01-20
,BIG CITY MONTESSORI SCHOOL,380503028,"LICENSED TO SERVE CHILDREN AGED 2 - 6 YEARS.                          DAYS & HOURS OF OPERATION: MONDAY - FRIDAY, 7:00 A.M. - 6:00 P.M.     SCHEDULED PLAYGROUND WAIVER.",100,https://www.ccld.dss.ca.gov/transparencyapi/api/FacilityDetail/380503028,7,,2021-04-13
,"YMCA OF SF., MISSION BRANCH, MISSION PRESCHOOL",380503900,LICENSED TO SERVE CHILDREN AGES 2 TO ENTRY INTO FIRST GRADE IN ROOMS  1-3. HOURS OF OPERATION: MONDAY-FRIDAY FROM 7:00AM-6:30PM. SUBJECT    TO TERMS AND CONDITIONS OF ELECTRONIC SIGNATURE WAIVER.,42,https://www.ccld.dss.ca.gov/transparencyapi/api/FacilityDetail/380503900,9,,2021-08-13
,MONTESSORI CHILDREN'S HOUSE OF THE WEST COAST,380503970,"LICENSED TO SERVE CHILDREN AGES 2-ENTRY INTO FIRST GRADE.             DAYS & HOURS OF OPERATION: MONDAY-FRIDAY, 7:30 AM - 6:00 P.M          NO YARD.  PLAYGROUND WAIVER.",60,https://www.ccld.dss.ca.gov/transparencyapi/api/FacilityDetail/380503970,5,,2022-01-18
,BUEN DIA FAMILY SCHOOL,380504038,LICENSED TO SERVE CHILDREN AGES 2 TO ENTRY INTO FIRST GRADE. DAYS AND HOURS OF OPERATION: MONDAY-FRIDAY FROM 7:30AM TO 6:00PM. SUBJECT TO   TERMS AND CONDITIONS OF OUTDOOR ROTATION AND ELECTRONIC SIGNATURE,30,https://www.ccld.dss.ca.gov/transparencyapi/api/FacilityDetail/380504038,5,30,2023-06-28
,PLAYMATES COOPERATIVE NURSERY SCHOOL,380504052,LICENSED TO SERVE CHILDREN AGES 2 YEARS TO ENTRY INTO 1ST GRADE.      DAYS & HRS OF OPERATION: MON-FRI 8:00 AM-6:00 PM.,49,https://www.ccld.dss.ca.gov/transparencyapi/api/FacilityDetail/380504052,6,49,2022-04-13
,ROCKY MOUNTAIN PARTICIPATION NURSERY SCHOOL,380504057,LICENSED TO SERVE CHILDREN AGED 2.6 - 5 YEARS OLD. DAYS & HOUSE OF    OPERATION: MONDAY - FRIDAY FROM 8AM TO 6:30PM. NO YARD THAT IS        EXCLUSIVE USE. PLAYGROUND WAIVER TO USE THE PUBLIC PLAYGROUND FOR,20,https://www.ccld.dss.ca.gov/transparencyapi/api/FacilityDetail/380504057,2,20,2022-04-20
,"FRIENDS OF ST. FRANCIS CHILDCARE CENTER, INC.",380504229,LICENSED TO SERVE CHILDREN AGES 2 TO ENTRY INTO FIRST GRADE. HOURS OF OPERATION: MONDAY-FRIDAY FROM 7:00AM-6:00PM. SUBJECT TO TERMS AND     CONDITIONS OF ELECTRONIC SIGNATURE WAIVER.,38,https://www.ccld.dss.ca.gov/transparencyapi/api/FacilityDetail/380504229,3,38,2022-07-13
,GATES AND BRIDGES PRESCHOOL,380504276,AGES 2.O TO 5.9 YEARS.  MONDAY THROUGH FRIDAY.  7:30 AM - 6:00 PM.,16,https://www.ccld.dss.ca.gov/transparencyapi/api/FacilityDetail/380504276,4,16,2022-06-08
,TRUE SUNSHINE PRESCHOOL CENTER,380504311,LICENSED TO SERVE CHILDREN AGES 2 TO ENTRY INTO FIRST GRADE. HOURS OF OPERATION: MONDAY-FRIDAY FROM 7:30AM-5:30PM. SUBJECT TO TERMS AND     CONDITIONS OF ELECTRONIC SIGNATURE WAIVER.,44,https://www.ccld.dss.ca.gov/transparencyapi/api/FacilityDetail/380504311,6,,2023-06-07
,WAH MEI SCHOOL,380504314,LICENSED TO SERVE CHILDREN AGES 2 TO ENTRY INTO FIRST GRADE. HOURS OF OPERATION: MONDAY-FRIDAY FROM 7:30AM-6:00PM. NO YARD SPACE. SUBJECT   TO TERMS AND CONDITIONS OF PLAYGROUND AND ELECTRONIC SIGNATURE,65,https://www.ccld.dss.ca.gov/transparencyapi/api/FacilityDetail/380504314,5,65,2022-06-17
,SFUSD-BRET HARTE (EES) PRESCHOOL,380504340,"LICENSED TO SERVE CHILDREN AGES 2 TO ENTRY INTO FIRST GRADE IN ROOMS  C-2, C-3 AND C-4. M-F 7:45AM-5:45PM.",60,https://www.ccld.dss.ca.gov/transparencyapi/api/FacilityDetail/380504340,6,60,2022-02-02
,SFUSD-ZAIDA T. RODRIGUEZ (EES) PRESCHOOL,380504354,LICENSED TO SERVE CHILDREN AGES 2 TO ENTRY INTO FIRST GRADE IN ROOMS  #3 AND #4 M-F 7:30AM - 5:30PM.,60,https://www.ccld.dss.ca.gov/transparencyapi/api/FacilityDetail/380504354,7,60,2022-07-20
,ST. NICHOLAS DAY CARE AND PRESCHOOL,380504369,"** COMBINATION CENTER **  AGE RANGES: 2 - 6 YEARS.  DAYS & HOURS OF   OPERATION:  MONDAY - FRIDAY, 7:00 A.M. - 6:00 P.M. ALL YEAR.          SCHEDULED PLAYGROUND WAIVER.",70,https://www.ccld.dss.ca.gov/transparencyapi/api/FacilityDetail/380504369,11,,2021-11-03
,SFUSD-GRATTAN EARLY EDUCATION SCHOOL-PRESCHOOL,380504378,"LICENSED TO SERVE CHILDREN AGES 2 TO ENTRY INTO FIRST GRADE IN ROOMS  #103, #105 AND #105A. M-F 7:45AM - 5:45PM.",69,https://www.ccld.dss.ca.gov/transparencyapi/api/FacilityDetail/380504378,4,69,2023-05-24
,SFUSD-RAPHAEL WEILL (EES) PRESCHOOL,380504384,"LICENSED TO SERVE 60 PRESCHOOL AGED CHILDREN. DAYS AND HOURS OF       OPERATION: MONDAY-FRIDAY 7:30AM-5:45PM. SCHEDULED USE OF PLAYGROUND   WAIVER. PROGRAM OPERATES IN ROOMS 201, 211 & 216.SCHEDULED USE OF",60,https://www.ccld.dss.ca.gov/transparencyapi/api/FacilityDetail/380504384,4,60,2023-01-06
,CCFC- 31ST AVENUE,380504386,LICENSED TO SERVE CHILDREN AGES 2 TO ENTRY INTO FIRST GRADE. HOURS OF OPERATION: MONDAY-FRIDAY FROM 7:30AM-6:00PM. SUBJECT TO TERMS AND     CONDITIONS OF ELECTRONIC SIGNATURE WAIVER.,43,https://www.ccld.dss.ca.gov/transparencyapi/api/FacilityDetail/380504386,3,43,2023-01-19
,SFUSD-DR. WILLIAM COBB (EES) PRESCHOOL,380504389,LICENSED TO SERVE CHILDREN AGES 2 TO ENTRY INTO FIRST GRADE IN ROOMS  #3 AND #4 M-F 7:30AM - 5:30PM. SUBJECT TO TERMS AND CONDITIONS OF     OUTDOOR WAIVER.,48,https://www.ccld.dss.ca.gov/transparencyapi/api/FacilityDetail/380504389,3,48,2023-02-24
,SFUSD-SAN MIGUEL EARLY EDUCATION SCHOOL (PS),380504406,"*** COMBINATION CENTER *** DAYS & HOURS OF OPERATION:  MONDAY - FRIDAY, 7:45AM - 5:45PM IN ROOMS 15 & 16 ARE GENERAL EDUCATION. ROOM 14,18,19 ARE SPECIAL EDUCATION PROGRAM.",102,https://www.ccld.dss.ca.gov/transparencyapi/api/FacilityDetail/380504406,7,102,2023-04-13
,SFUSD-JEFFERSON EARLY EDUCATION SCHOOL-PRESCHOOL,380504419,LICENSED TO SERVE CHILDREN AGES 2 TO ENTRY INTO FIRST GRADE IN THE    MAIN ROOM AND BUNGALOW.  HOURS OF OPERATION M-F 8:00AM TO 5:30PM.,56,https://www.ccld.dss.ca.gov/transparencyapi/api/FacilityDetail/380504419,8,56,2022-06-23
,SFUSD-NORIEGA EARLY EDUCATION SCHOOL (PS),380504442,"DAYS & HOURS OF OPERATION:  MONDAY - FRIDAY, 8:00AM - 6:00PM.  AM IN ROOMS: 1,2,4,5,6 AND 7 WITH MAXIMUM CAPACITY OF 136 CHILDREN.  PM IN ROOMS: 1,2,5,AND 6 WITH MAXIMUM CAPACITY OF 96 CHILDREN.  SCHEDULED PLAY",136,https://www.ccld.dss.ca.gov/transparencyapi/api/FacilityDetail/380504442,7,,2023-02-15
,SFUSD JOHN MCLAREN EARLY ED. SCHOOL (PRESCHOOL),380504444,"LICENSED TO SERVE CHILDREN AGES 2 TO ENTRY INTO FIRST GRADE. HOURS OF OPERATION: M-F 7:30AM - 5:30PM IN ROOMS #3, #4, #5, #6 AND MULTI      PURPOSE ROOM.",96,https://www.ccld.dss.ca.gov/transparencyapi/api/FacilityDetail/380504444,6,96,2022-12-09
,KATHERINE MICHIELS SCHOOL (PRE-K),380504523,"*  COMBINATION CENTER: PRESCHOOL & INFANT PROGRAMS IN LOWER LEVEL  *  PRESCHOOL PROGRAM TO SERVE CHILDREN AGED 2 - ENTRY INTO 1ST GRADE.    DAYS & HOURS OF OPERATION:  MONDAY - FRIDAY, 7AM - 6PM.",36,https://www.ccld.dss.ca.gov/transparencyapi/api/FacilityDetail/380504523,5,,2023-06-07
,SFUSD-JUNIPERO SERRA EARLY EDUCATION SCHOOL (PS),380504560,"COMBINATION CENTER. DAYS AND HOURS OF OPERATION: MONDAY-FRIDAY, 7:30AM-5:30PM. PROGRAM OPERATES IN ROOMS 3, 4, & 5. SCHEDULED PLAYGROUND WAIVER.",67,https://www.ccld.dss.ca.gov/transparencyapi/api/FacilityDetail/380504560,6,67,2023-05-09
,JCCSF LOISE& CLAUDE ROSENBERG EARLY CHILDHOOD CTR,380504700,"PRESCHOOL CHILDREN AGES 2 - 5 YEARS.  HOURS OF OPERATION: 8:00 AM -   6:00 PM,  MONDAY - FRIDAY.",59,https://www.ccld.dss.ca.gov/transparencyapi/api/FacilityDetail/380504700,6,,2023-06-21
,"ARK CHRISTIAN PRESCHOOL, THE",380504714,"LICENSED TO SERVE CHILDREN AGED 2.5 - 5.9 YEARS OLD.                  DAYS & HOURS OF OPERATION:  MONDAY - FRIDAY, 7:OO A.M. - 6:00 P.M.    NO YARD.  PLAYGROUND WAIVER.",70,https://www.ccld.dss.ca.gov/transparencyapi/api/FacilityDetail/380504714,3,70,2022-11-08
,CCFC-EDDY,380504742,LICENSED TO SERVE CHILDREN AGES 2 TO ENTRY INTO FIRST GRADE. HOURS OF OPERATION: MONDAY-FRIDAY FROM 7:00AM-6:00PM. SUBJECT TO TERMS AND     CONDITIONS OF OUTDOOR SPACE AND ELECTRONIC SIGNATURE WAIVERS. NO,50,https://www.ccld.dss.ca.gov/transparencyapi/api/FacilityDetail/380504742,3,50,2023-03-07
,NIHONMACHI LITTLE FRIENDS SUTTER SITE,380504776,LICENSED TO SERVE CHILDREN AGES 2 TO ENTRY INTO FIRST GRADE. HOURS OF OPERATION: MONDAY-FRIDAY FROM 7:30AM-5:30PM. ROOFTOP PLAYGROUND.      SUBJECT TO TERMS AND CONDITIONS OF OUTDOOR ROTATION AND ELECTRONIC,91,https://www.ccld.dss.ca.gov/transparencyapi/api/FacilityDetail/380504776,8,,2024-07-02
,LAUREL HILL NURSERY SCHOOL,380504783,"DAYS & HOURS OF OPERATION:  MONDAY - FRIDAY, 8:00 A.M. - 5:30 P.M.    AGES SERVED:  2 - 6 YEARS.",59,https://www.ccld.dss.ca.gov/transparencyapi/api/FacilityDetail/380504783,7,59,2022-04-12
,TELEGRAPH HILL NEIGHBORHOOD CENTER(PS),380504793,"LICENSED TO SERVE CHILDREN AGES TWO TO ENTRY INTO FIRST GRADE. ROOMS  1, 2, 3 AND 7. NO COMINGLING OF DIFFERENT AGE GROUPS. HOURS OF        OPERATION: MONDAY - FRIDAY 7:30AM - 6:00PM. SUBJECT TO TERMS AND",87,https://www.ccld.dss.ca.gov/transparencyapi/api/FacilityDetail/380504793,13,,2022-01-10
,ASSOCIATED STUDENTS CHILDREN'S CENTER - PRESCHOOL,380504942,LICENSED TO SERVE CHILDREN AGES 2 TO ENTRY INTO FIRST GRADE IN ROOMS  6-9. HOURS OF OPERATION: MONDAY-FRIDAY FROM 7:30AM-5:30PM. SUBJECT TO TERMS AND CONDITIONS OF ELECTRONIC SIGNATURE WAIVER.,60,https://www.ccld.dss.ca.gov/transparencyapi/api/FacilityDetail/380504942,12,,2024-04-25
,CHINATOWN COMMUNITY CHILDREN'S CENTER,380505035,LICENSED TO SERVE CHILDREN AGES 2 TO ENTRY INTO FIRST GRADE. HOURS OF OPERATION: MONDAY-FRIDAY FROM 7:30AM-5:30PM. SUBJECT TO TERMS AND     CONDITIONS OF ELECTRONIC SIGNATURE WAIVER.,60,https://www.ccld.dss.ca.gov/transparencyapi/api/FacilityDetail/380505035,7,60,2022-03-18
,CCFC-30TH AVENUE,380505039,LICENSED TO SERVE CHILDREN AGES 2 TO ENTRY INTO FIRST GRADE. HOURS OF OPERATION: MONDAY-FRIDAY FROM 7:30AM-6:00PM. SUBJECT TO TERMS AND     CONDITIONS OF ELECTRONIC SIGNATURE WAIVER.,12,https://www.ccld.dss.ca.gov/transparencyapi/api/FacilityDetail/380505039,3,12,2022-07-28
,LITTLE GATORS,380505208,"LICENSED TO SERVE CHILDREN AGED 2 - 5 YEARS OLD.                      DAYS & HOURS OF OPERATION:  MONDAY - FRIDAY, 8:30 A.M. - 5:00 P.M.    SCHEDULED PLAYGROUND WAIVER.",27,https://www.ccld.dss.ca.gov/transparencyapi/api/FacilityDetail/380505208,5,27,2022-09-22
,KIDS KOLLEGE PRESCHOOL DAY CARE,380505246,"LICENSED TO SERVE CHILDREN AGED 2 - 6 YEARS OLD.                      DAYS & HOURS OF OPERATION:  MONDAY - FRIDAY, 7:00 A.M. - 6:00 P.M.    SCHEDULED PLAYGROUND WAIVER.",60,https://www.ccld.dss.ca.gov/transparencyapi/api/FacilityDetail/380505246,7,60,2022-05-13
,MIRALOMA NURSERY SCHOOL,380505313,"HOURS OF OPERATION: 8:15AM -5:00PM, MONDAY-FRIDAY.                    AGES RANGES: 2.5 THROUGH 6 YEARS.",28,https://www.ccld.dss.ca.gov/transparencyapi/api/FacilityDetail/380505313,3,28,2023-06-20
,KROUZIAN-ZEKARIAN-VASBOURAGAN ARMENIAN PRESCHOOL,380505320,"LICENSED TO SERVE CHILDREN AGES 2 TO ENTRY INTO FIRST GRADE IN ROOMS; BLUE, RED AND YELLOW. HOURS OF OPERATION: MONDAY-FRIDAY FROM 7:30AM   TO 6:00PM. SUBJECT TO TERMS AND CONDITIONS OF OUTDOOR ROTATION AND",42,https://www.ccld.dss.ca.gov/transparencyapi/api/FacilityDetail/380505320,3,42,2023-09-14
,STS. PETER AND PAUL LAURA VICUNA PRE-KINDERGARTEN,380505426,LICENSED TO SERVE CHILDREN AGES 3 TO 5 YEARS OLD. HOURS OF OPERATION: MONDAY - FRIDAY 8:00 AM - 3:30 PM. SUBJECT TO OUTDOOR ROTATION AND    SHARED BATHROOM WAIVER.,20,https://www.ccld.dss.ca.gov/transparencyapi/api/FacilityDetail/380505426,4,20,2022-09-13
,CORNERSTONE ACADEMY,380505466,"PRESCHOOL PROGRAM OPERATES IN RMS.: M01, M02, M04, M05, M07, M11, M13, M14, 101, 103, 109, 111, 114-118.  LICENSED TO SERVE CHILDREN AGED 2 - 5 YEARS OLD.  DAYS & HOURS OF OPERATION: MONDAY-FRIDAY, 7:00AM - 6:0",378,https://www.ccld.dss.ca.gov/transparencyapi/api/FacilityDetail/380505466,3,378,2022-10-20
,KAI MING HEAD START-DR. T. KONG LEE CENTER,380505563,LICENSED TO SERVE CHILDREN AGES 2 TO ENTRY INTO FIRST GRADE. HOURS OF OPERATION: MONDAY-FRIDAY FROM 7:30AM-6:00PM. SUBJECT TO TERMS AND     CONDITIONS OF PLAYGROUND AND ELECTRONIC SIGNATURE WAIVERS.,17,https://www.ccld.dss.ca.gov/transparencyapi/api/FacilityDetail/380505563,4,17,2022-06-09
,FAMILY DEVELOPMENTAL CENTER (PRESCHOOL),380505568,"LICENSED TO SERVE CHILDREN AGES 2 TO ENTRY INTO FIRST GRADE IN ROOMS  101, 102, 106, 108 AND MULTIPURPOSE ROOM 116. HOURS OF OPERATION:     MONDAY-FRIDAY 7:30AM-4:30PM. SUBJECT TO TERMS AND CONDITIONS OF",83,https://www.ccld.dss.ca.gov/transparencyapi/api/FacilityDetail/380505568,16,,2023-03-23
,WU YEE CHILDREN'S SERVICES-GENERATIONS CDC,380505707,LICENSED TO SERVE CHILDREN AGES 2 TO ENTRY INTO FIRST GRADE. HOURS OF OPERATION: MONDAY-FRIDAY FROM 7:30AM-5:30PM. SUBJECT TO TERMS AND     CONDTIONS OF ELECTRONIC SIGNATURE WAIVER.,0,https://www.ccld.dss.ca.gov/transparencyapi/api/FacilityDetail/380505707,14,0,2021-09-29
,"MONTESSORI SCHOOL OF THE BAY AREA, INC.",380505730,LICENSED TO SERVE CHILDREN AGES 2 TO ENTRY INTO FIRST GRADE. TODDLER  OPTION FOR 20 CHILDREN AGES 18-36 MONTHS. HOURS OF OPERATION:         MONDAY-FRIDAY FROM 7:00AM-6:00PM. SUBJECT TO TERMS AND CONDITIONS OF,48,https://www.ccld.dss.ca.gov/transparencyapi/api/FacilityDetail/380505730,5,48,2023-03-07
,RAINBOW MONTESSORI,380505779,"LICENSED TO SERVE CHILDREN AGED 3 - 5 YEARS OLD.                      DAYS & HOURS OF OPERATION:  MONDAY - FRIDAY, 7:15 A.M. - 6:00 P.M.    NO YARD.  PLAYGROUND WAIVER.",18,https://www.ccld.dss.ca.gov/transparencyapi/api/FacilityDetail/380505779,4,18,2022-09-02
,"MISSION CHILDCARE CONSORTIUM, INC.",380505833,LICENSED TO SERVE CHILDREN AGES 2 TO ENTRY INTO FIRST GRADE. HOURS OF OPERATION: MONDAY-FRIDAY FROM 7:00AM-6:00PM. SUBJECT TO TERMS AND     CONDITIONS OF OUTDOOR ROTATION AND ELECTRONIC SIGNATURE WAIVERS.,224,https://www.ccld.dss.ca.gov/transparencyapi/api/FacilityDetail/380505833,9,,2020-10-21
,SFUSD-E.R. TAYLOR (EES) PRESCHOOL,380505930,"MAXIMUM CAPACITY:  34 PRESCHOOL CHILDREN.                             DAYS & HOURS OF OPERATION:  MONDAY - FRIDAY, 8:15 A.M. - 2:45 P.M.    IN BUNGALOWS 1 AND 2.  SCHEDULED PLAYGROUND WAIVER.",32,https://www.ccld.dss.ca.gov/transparencyapi/api/FacilityDetail/380505930,5,32,2023-05-30
,SFUSD-JOHN MUIR ECIA (EES) PRESCHOOL,380505931,LICENSED TO SERVE CHILDREN AGES 2 TO ENTRY INTO FIRST GRADE IN ROOMS  #110 AND #106.  M-F 7:30AM - 5:30PM.  SUBJECT TO TERMS AND CONDITIONS OF OUTDOOR WAIVER.,36,https://www.ccld.dss.ca.gov/transparencyapi/api/FacilityDetail/380505931,3,36,2023-08-17
,WU YEE CHILDREN'S SERVICES- PRESCHOOL,380506088,LICENSED TO SERVE CHILDREN AGES 2 TO ENTRY INTO FIRST GRADE. HOURS OF OPERATION: MONDAY-FRIDAY FROM 7:00AM-6:00PM. SUBJECT TO TERMS AND     CONDTIONS OF OUTDOOR ROTATION AND ELECTRONIC SIGNATURE WAIVERS. NO,32,https://www.ccld.dss.ca.gov/transparencyapi/api/FacilityDetail/380506088,13,,2023-08-09
,SFCCD OCEAN CAMPUS CHILD DEVELOPMENT LAB SCHOOL,380506136,LICENSED TO SERVE CHILDREN AGES 2 TO ENTRY INTO 1ST GRADE.  TODDLER   OPTION AGES 18-36 MONTHS.  DAYS AND HOURS OF OPERATION:               MONDAY-FRIDAY 8:00AM - 5:30PM.,66,https://www.ccld.dss.ca.gov/transparencyapi/api/FacilityDetail/380506136,5,66,2023-03-15
,"LAND'S END SCHOOL - PRESCHOOL, THE",380506270,LICENSED TO SERVE CHILDREN AGES 2 TO ENTRY INTO FIRST GRADE IN BLDG   T-35. HOURS OF OPERATION: MONDAY-FRIDAY FROM 7:30AM-6:00PM. SUBJECT   TO TERMS AND CONDITIONS OF OUTDOOR ROTATION AND ELECTRONIC SIGNATURE,30,https://www.ccld.dss.ca.gov/transparencyapi/api/FacilityDetail/380506270,5,30,2022-12-21
,MARIA MONTESSORI SCHOOL OF THE GOLDEN GATE,380506275,HOURS OF OPERATION: 7:00 AM - 6:00 PM  MONDAY - FRIDAY.               AGES: 2.0 - 6.0 YEARS.,24,https://www.ccld.dss.ca.gov/transparencyapi/api/FacilityDetail/380506275,6,,2024-10-08
,CCFC-TURK,380506340,LICENSED TO SERVE CHILDREN AGES 2 TO ENTRY INTO FIRST GRADE. HOURS OF OPERATION: MONDAY-FRIDAY FROM 7:30AM-1:00PM IN ROOMS 1-3 (SEPT-JUNE); 7:30AM-6:00PM IN ROOM 1 FOR 19 CHILDREN (JULY-AUG). SUBJECT TO TERMS,53,https://www.ccld.dss.ca.gov/transparencyapi/api/FacilityDetail/380506340,5,,2025-06-04
,SFUSD-THERESA S. MAHLER (EES) PRESCHOOL,380506367,"LICENSED TO SERVE 80 CHILDREN: AGES 2 TO ENTRY INTO FIRST GRADE IN    ROOMS #1, #2, AND #3. DAYS AND HOURS OF OPERATION: MONDAY-FRIDAY      7:30AM - 5:45PM.",80,https://www.ccld.dss.ca.gov/transparencyapi/api/FacilityDetail/380506367,8,,2024-11-21
,ST. PAUL'S CHURCH-LITTLEST ANGEL PREPARATORY PRESC,380506430,LICENSED TO SERVE CHILDREN AGES 2 TO ENTRY INTO FIRST GRADE. HOUR OF  OPERATION: MONDAY-FRIDAY FROM 7:30AM-6:00PM. SUBJECT TO TERMS AND     CONDITIONS OF ELECTRONIC SIGNATURE WAIVER.,38,https://www.ccld.dss.ca.gov/transparencyapi/api/FacilityDetail/380506430,6,,2021-12-10
,HELEN HAWK CHILDREN'S CENTER - PRESCHOOL,380506508,LICENSED TO SERVE CHILDREN AGES 2 TO ENTRY INTO FIRST GRADE. HOURS OF OPERATION: MONDAY-FRIDAY FROM 7:00AM-6:30PM. SUBJECT TO TERMS AND     CONDITIONS OF OUTDOOR ROTATION AND ELECTRONIC SIGNATURE WAIVERS.,9,https://www.ccld.dss.ca.gov/transparencyapi/api/FacilityDetail/380506508,3,9,2021-12-20
,ABC PRE-SCHOOL,380506527,SERVING AGES: 2-5 YEARS OLD IN ROOMS B & C.                           DAYS & HOURS OF OPERATION: MON-FRI 8:30AM TO 5:30PM.                  SCHEDULED PLAYGROUND WAIVER.,24,https://www.ccld.dss.ca.gov/transparencyapi/api/FacilityDetail/380506527,6,24,2022-05-11
,ALTA PLAZA PRESCHOOL,384000037,"LICENSED TO SERVE CHILDREN AGES 2.5 TO 5.5 YEARS OLD.                 DAYS & HOURS OF OPERATION: MONDAY - FRIDAY, 7:30 A.M. - 6:30 P.M.     NO YARD.  PLAYGROUND WAIVER.",30,https://www.ccld.dss.ca.gov/transparencyapi/api/FacilityDetail/384000037,8,,2022-07-20
,CONGREGATION EMANU-EL PRESCHOOL,384000060,"PRESCHOOL COMPONENT. CAPACITY 90. LICENSED TO SERVE AGES 2-6 YEARS    OLD IN ROOMS: 454, 455, 456, 457, 458, 463, 464, 465, AND 466. *SEE   OUTDOOR ROTATION WAIVER*",123,https://www.ccld.dss.ca.gov/transparencyapi/api/FacilityDetail/384000060,2,123,2023-05-25
,"LITTLE STAR PRESCHOOL ""TOO""",384000093,LICENSED TO SERVE CHILDREN AGES 2-6.  DAYS AND HOURS OF OPERATION:    MONDAY TO THURSDAY FROM 7AM-6PM; FRIDAYS FROM 7AM-11PM; SATURDAYS     AND SUNDAYS FROM 9AM-11PM.,104,https://www.ccld.dss.ca.gov/transparencyapi/api/FacilityDetail/384000093,6,,2021-09-24
,BRIGHT HORIZONS SAN FRANCISCO CALIFORNIA ST-PRESCH,384000103,LICENSED TO SERVE CHILDREN 2 YEARS TO ENTRY INTO FIRST GRADE.         DAYS AND HOURS OF OPERATION: MONDAY-FRIDAY FROM 7:30AM-6:00PM.        SEE WAIVER FOR NO ONSITE OUTDOOR PLAY AREA.,12,https://www.ccld.dss.ca.gov/transparencyapi/api/FacilityDetail/384000103,5,,2023-01-12
,"LITTLE SCHOOL, THE",384000125,LICENSED TO SERVE UP TO 125 PRESCHOOL AGED CHILDREN. DAYS AND HOURS   OF OPERATION: MONDAY-FRIDAY 8:00AM-5:30PM. SUBJECT TO THE TERMS AND   CONDITIONS OF SCHEDULED OUTDOOR ROTATION WAIVER.,125,https://www.ccld.dss.ca.gov/transparencyapi/api/FacilityDetail/384000125,4,125,2022-04-27
,LYCEE FRANCAIS INTERNATIONAL LA PEROUSE,384000176,"LICENSED TO SERVE CHILDREN FROM AGES 2 TO 5 YEARS OLD. DAYS & HOURS   OF OPERATION: MONDAY - FRIDAY, 7:45AM TO 6:00PM IN ROOMS 115, 116,    117, 123, 124, 125. LICENSE IS SUBJECT TO TERMS AND CONDITIONS OF",96,https://www.ccld.dss.ca.gov/transparencyapi/api/FacilityDetail/384000176,11,,2020-12-10
,"CHILDREN'S DAY SCHOOL, INC.",384000199,"LICENSED TO SERVE 72 CHILDREN AGES 2 TO ENTRY INTO FIRST GRADE IN     ROOMS:ECP-A, ECP-B, AND ECP-C. DAYS AND HOURS OF OPERATION MON -      FRI 8:00AM- 6:00PM.",72,https://www.ccld.dss.ca.gov/transparencyapi/api/FacilityDetail/384000199,8,,2022-11-02
,GOOD SAMARITAN FAMILY RESOURCE CENTER CDC,384000227,LICENSED TO SERVE CHILDREN AGES 2 TO ENTRY INTO FIRST GRADE. HOURS    OF OPERATION: MONDAY-FRIDAY FROM 7:00AM-6:00PM. SUBJECT TO TERMS AND  CONDITIONS OF OUTDOOR ROTATION AND ELECTRONIC SIGNATURE WAIVERS.,36,https://www.ccld.dss.ca.gov/transparencyapi/api/FacilityDetail/384000227,5,36,2022-07-25
,STEPPING STONES PRE-SCHOOL - INNER SUNSET,384000255,"LICENSED TO SERVE 45 CHILDREN, AGED 2-6 YEARS OLD. DAYS & HOURS OF    OPERATION: MONDAY - FRIDAY, 7:00AM-6:00PM. NO YARD. PLAYGROUND        WAIVER.",45,https://www.ccld.dss.ca.gov/transparencyapi/api/FacilityDetail/384000255,5,45,2022-04-26
,FAMILY CONNECTIONS CENTERS - PRESCHOOL,384000274,LICENSED TO SERVE CHILDREN AGES 2 TO ENTRY INTO FIRST GRADE. HOURS OF OPERATION: MONDAY-FRIDAY FROM 9:00AM-4:00PM. NO YARD. SUBJECT TO      TERMS AND CONDITIONS OF PLAYGROUND AND ELECTRONIC SIGNATURE WAIVERS.,18,https://www.ccld.dss.ca.gov/transparencyapi/api/FacilityDetail/384000274,3,18,2022-12-06
,JEWISH FAMILY PRESCHOOL-CONGREGATION BETH SHOLOM,384000303,"LICENSED FOR 76 PRESCHOOL CHILDREN (AGES 2 YEARS TO ENTRY INTO FIRST  GRADE). TODDLER OPTION: LICENSED FOR NO MORE THAN 5 TODDLERS (18      MONTHS TO 36 MONTHS) IN TODDLER ROOM ONLY. OPERATES IN RMS 1-4,",44,https://www.ccld.dss.ca.gov/transparencyapi/api/FacilityDetail/384000303,7,44,2023-04-19
,SFUSD-EXCELSIOR AT GUADALUPE (EES) PRESCHOOL,384000310,"LICENSED TO SERVE CHILDREN AGES 2 TO ENTRY INTO FIRST GRADE.  M-F     7:30AM - 5:30PM IN BUNGALOWS #1, #2 AND #3.  SUBJECT TO TERMS AND     CONDITIONS OF OUTDOOR WAIVER.",72,https://www.ccld.dss.ca.gov/transparencyapi/api/FacilityDetail/384000310,3,72,2023-05-11
,SFUSD-LAS AMERICAS EARLY EDUCATION SCHOOL (PS),384000375,"DAYS & HOURS OF OPERATION: MONDAY - FRIDAY, 7:30AM - 5:30PM IN        ROOMS 101, 102 & 103.",72,https://www.ccld.dss.ca.gov/transparencyapi/api/FacilityDetail/384000375,5,,2022-09-08
,YERBA BUENA GARDENS CHILD DEV CTR,384000406,LICENSED TO SERVE CHILDREN AGES 2 TO ENTRY INTO FIRST GRADE.          HOURS OF OPERATION: MONDAY-FRIDAY FROM 7:00AM-7:00PM. SUBJET TO TERMS AND CONDITIONS OF ROOFTOP PLAYGROUND AND ELECTRONIC SIGNATURE WAIVERS.,96,https://www.ccld.dss.ca.gov/transparencyapi/api/FacilityDetail/384000406,4,96,2022-05-18
,WU YEE CHILDRENS SVCS. LOK YUEN CHILD DEV. PROGRAM,384000493,LICENSED TO SERVE CHILDREN AGES 2 TO ENTRY INTO FIRST GRADE. HOURS OF OPERATION: MONDAY-FRIDAY FROM 7:00AM-6:00PM. SUBJECT TO TERMS AND     CONDTIONS OF OUTDOOR ROTATION AND ELECTRONIC SIGNATURE WAIVERS.,48,https://www.ccld.dss.ca.gov/transparencyapi/api/FacilityDetail/384000493,5,48,2022-09-29
,CHILD'S TIME,384000521,LICENSED TO SERVE CHILDREN AGES 2 TO ENTRY INTO 1ST GRADE. DAYS AND   HOURS OF OPERATION: MONDAY-FRIDAY FROM 7:00AM-10:00PM. SUBJECT TO     TERMS AND CONDITIONS OF OUTDOOR ROTATION AND ELECTRONIC SIGNATURE,22,https://www.ccld.dss.ca.gov/transparencyapi/api/FacilityDetail/384000521,4,22,2022-10-07
,GLIDE CHILD CARE & FAMILY SUPPORT,384000531,LICENSED TO SERVE CHILDREN AGES 2 TO ENTRY INTO FIRST GRADE. TODDLER  OPTION FOR 12 CHILDREN AGES 18-36 MONTHS. HOURS OF OPERATION:         MONDAY-FRIDAY FROM 7:30AM-5:30PM. SUBJECT TO TERMS AND CONDITIONS OF,42,https://www.ccld.dss.ca.gov/transparencyapi/api/FacilityDetail/384000531,3,42,2023-05-03
,MISSION HEAD START-101 VALENCIA HEAD START,384000731,LICENSED TO SERVE CHILDREN AGES 2 TO ENTRY INTO FIRST GRADE. HOURS OF OPERATION: MONDAY-FRIDAY FROM 8:00AM-5:00PM. SUBJECT TO TERMS AND     CONDITIONS OF ELECTRONIC SIGNATURE WAIVER.,17,https://www.ccld.dss.ca.gov/transparencyapi/api/FacilityDetail/384000731,3,17,2022-12-15
,GLEN PARK MONTESSORI,384000740,"LICENSED TO SERVE CHILDREN AGES 2.3 YEARS OLD - 5 YEARS OLD. DAYS     AND HOURS OF OPERATION: MONDAY THRU FRIDAY, 7:30AM - 6:00PM.          SCHEDULED PLAYGROUND WAIVER.",18,https://www.ccld.dss.ca.gov/transparencyapi/api/FacilityDetail/384000740,4,18,2022-03-24
,PETER'S PLACE NURSERY SCHOOL,384000741,LICENSED TO SERVE CHILDREN AGED 2.4 - 6 YEARS OLD.                    DAYS & HOURS OF OPERATION: MONDAY - FRIDAY FROM 8:30AM-5:00PM.        SUBJECT TO SCHEDULED PLAYGROUND WAIVER.,17,https://www.ccld.dss.ca.gov/transparencyapi/api/FacilityDetail/384000741,4,17,2022-07-13
,TEREMOK,384000793,"LICENSED TO SERVE CHILDREN AGED 2 - ENTRY INTO FIRST GRADE. DAYS &    HOURS OF OPERATION: MONDAY - FRIDAY, 7:00AM TO 6:00PM. NO YARD.       SUBJECT TO TERMS AND CONDITIONS OF OUTDOOR WAIVERS.",15,https://www.ccld.dss.ca.gov/transparencyapi/api/FacilityDetail/384000793,3,15,2023-03-08
,"FAMILY SCHOOL CHILD DEVL.CTR.-BERNAL GATEWAY, THE",384000805,LICENSED TO SERVE CHILDREN AGES 2-ENTRY INTO FIRST GRADE. HOURS OF    OPERATION: MONDAY-FRIDAY 7:30AM-5:30PM. SUBJECT TO TERMS AND          CONDITIONS OF OUTDOOR ROTATION AND ELECTRONIC SIGNAURE WAIVERS.,16,https://www.ccld.dss.ca.gov/transparencyapi/api/FacilityDetail/384000805,7,,2023-10-03
,LITTLE CHILDREN'S DEVELOPMENTAL CENTER,384000818,LICENSED TO SERVE CHILDREN AGES 2 TO ENTRY INTO FIRST GRADE. HOURS OF OPERATION: MONDAY-FRIDAY FROM 7:00AM-6:00PM. SUBECT TO TERMS AND      CONDITIONS OF PLAYGROUND AND ELECTRONIC SIGNATURE WAIVERS.,19,https://www.ccld.dss.ca.gov/transparencyapi/api/FacilityDetail/384000818,4,19,2022-10-25
,WIND IN THE WILLOWS,384000832,"LICENSED TO SERVE CHILDREN 2 - 5 YEARS OLD.                           DAYS AND HOURS OF OPERATION:  MONDAY - FRIDAY, 8:00 AM - 6:00 PM.",23,https://www.ccld.dss.ca.gov/transparencyapi/api/FacilityDetail/384000832,3,23,2023-04-18
,MISSION HEAD START-WOMEN'S BUILDING CENTER,384000867,LICENSED TO SERVE CHILDREN AGES 2 TO ENTRY INTO FIRST GRADE. HOURS OF OPERATION: MONDAY-FRIDAY FROM 7:30AM-6:30PM. SUBJECT TO TERMS AND     CONDITIONS OF PLAYGROUND AND ELECTRONIC SIGNATURE WAIVERS.,23,https://www.ccld.dss.ca.gov/transparencyapi/api/FacilityDetail/384000867,8,,2020-12-11
,SFUSD-TENDERLOIN COMMUNITY EARLY EDUCATION SCHOOL,384000892,LICENSED TO SERVE CHILDREN AGES 2 TO ENTRY INTO FIRST GRADE IN        ROOMS#132 AND #135. DAYS AND HOURS OF OPERATION:MONDAY-FRIDAY 7:50    AM-3:30 PM.SUBJECT TO TERMS AND CONDITIONS OF OUTDOOR WAIVER.,54,https://www.ccld.dss.ca.gov/transparencyapi/api/FacilityDetail/384000892,6,,2023-03-13
,CHIBI-CHAN PRESCHOOL,384000923,LICENSED TO SERVE CHILDREN AGES 2 TO ENTRY INTO FIRST GRADE. HOURS OF OPERATION: MONDAY-FRIDAY FROM 7:30AM-6:00PM. SUBJECT TO TERMS AND     CONDITIONS OF OUTDOOR ROTATION AND ELECTRONIC SIGNATURE WAIVERS.,56,https://www.ccld.dss.ca.gov/transparencyapi/api/FacilityDetail/384000923,4,56,2022-07-14
,LONE MOUNTAIN CHILDREN'S CENTER,384000944,"LICENSED TO SERVE CHILDREN AGED 2.6-6 YEARS OLD. DAYS AND HOUR OF     OPERATION: MONDAY-FRIDAY, 8:00 A.M.-4:00 P.M. SCHEDULED PLAYGROUND WAIVER.",72,https://www.ccld.dss.ca.gov/transparencyapi/api/FacilityDetail/384000944,5,72,2022-09-13
,SFUSD-ARGONNE EARLY EDUCATION SCHOOL,384000981,"LICENSED TO SERVE CHILDREN AGES 2 TO ENTRY INTO FIRST GRADE IN PK     ROOMS #1, #2 AND #4. M-F 7:30AM - 5:30PM.",58,https://www.ccld.dss.ca.gov/transparencyapi/api/FacilityDetail/384000981,6,58,2022-03-28
,COMPASS CHILDREN'S CENTER - PRESCHOOL,384000988,LICENSED TO SERVE CHILDREN AGES 2 TO ENTRY INTO FIRST GRADE. HOURS OF OPERATION: MONDAY-FRIDAY FROM 7:00AM-6:00PM. SUBJECT TO TERMS AND     CONDITIONS OF OUTDOOR ROTATION AND ELECTRONIC SIGNATURE WAIVERS.,45,https://www.ccld.dss.ca.gov/transparencyapi/api/FacilityDetail/384000988,4,45,2023-05-09
,MISSION HEAD START-BERNAL DWELLINGS CHILDCARE CTR.,384001017,LICENSED TO SERVE CHILDREN AGES 2 TO ENTRY INTO FIRST GRADE IN STE3125TODDLER OPTION FOR 16 CHILDREN AGES 18-36MONTHS IN STE3143. HOURS OF  OPERATION: MONDAY-FRIDAY: 8:00AM-5:30PM. SUBJECT TO TERMS & CONDITIONS,40,https://www.ccld.dss.ca.gov/transparencyapi/api/FacilityDetail/384001017,4,40,2022-04-20
,KAI MING HEAD START-RICHMOND,384001019,LICENSED TO SERVE CHILDREN AGES 2 TO ENTRY INTO FIRST GRADE. HOURS OF OPERATION: MONDAY-FRIDAY FROM 7:30AM-6:00PM. SUBJECT TO TERMS AND     CONDITIONS OF OUTDOOR ROTATION AND ELECTRONIC SIGNATURE WAIVERS.,30,https://www.ccld.dss.ca.gov/transparencyapi/api/FacilityDetail/384001019,5,30,2022-02-08
,MISSION HEAD START-MISSION BAY CHILD DEV. CTR.,384001138,LICENSED TO SERVE CHILDREN AGES 2 TO ENTRY INTO FIRST GRADE. HOURS OF OPERATION: MONDAY-FRIDAY FROM 7:30AM-6:30PM. SUBJECT TO TERMS AND     CONDITIONS OF OUTDOOR ROTATION AND ELECTRONIC SIGNATURE WAIVERS.,48,https://www.ccld.dss.ca.gov/transparencyapi/api/FacilityDetail/384001138,4,,2021-12-20
,1ST PLACE 2 START,384001195,LICENSED TO SERVE CHILDREN AGES 2 TO ENTRY INTO FIRST GRADE. HOURS OF OPERATION: MONDAY-FRIDAY FROM 7:00AM-5:30PM. SUBJECT TO TERMS AND     CONDITIONS OF ELECTRONIC SIGNATURE WAIVER.,27,https://www.ccld.dss.ca.gov/transparencyapi/api/FacilityDetail/384001195,5,27,2022-09-21
,MISSION HEAD START - JEAN JACOBS,384001206,LICENSED TO SERVE CHILDREN AGES 2 TO ENTRY INTO FIRST GRADE. HOURS OF OPERATION: MONDAY-FRIDAY FROM 8:00AM-5:00PM. SUBJECT TO TERMS AND     CONDITIONS OF OUTDOOR ROTATION AND ELECTRONIC SIGNATURE WAIVERS.,24,https://www.ccld.dss.ca.gov/transparencyapi/api/FacilityDetail/384001206,3,24,2023-05-10
,JCCSF HELEN DILLER FAMILY PRESCHOOL,384001263,"LICENSED TO SERVE CHILDREN AGED 2 - 5 YEARS OLD IN ROOMS: 103,104,107,109,110,111,122,124,125,129,223,3365,306,308,310,AND 311; OPERATION   HOURS: MONDAY TO FRIDAY FROM 8AM-6PM; OUTDOOR ACTIVITY SPACE: ROOFTOP",175,https://www.ccld.dss.ca.gov/transparencyapi/api/FacilityDetail/384001263,9,,2024-04-26
,KAI MING HEAD START-GEARY CENTER,384001291,LICENSED TO SERVE 49 CHILDREN: 31 PRESCHOOL CHILDREN AGES 2 YEARS TO  ENTRY INTO FIRST GRADE IN FD1. TODDLER OPTION: 18 TODDLERS AGES 18    MONTHS TO 36 MONTHS IN ROOMS 2A AND 2B WITH OUTDOOR ROTATION WAIVER.,49,https://www.ccld.dss.ca.gov/transparencyapi/api/FacilityDetail/384001291,5,49,2021-10-12
,RUSSIAN HILL SCHOOL,384001346,LICENSED TO SERVE CHILDREN AGED 2.5 TO 5.9 YEARS OLD.                 HOURS OF OPERATION: MONDAY-FRIDAY 8:00AM-6:00PM.                      SCHEDULED PLAYGROUND WAIVER,22,https://www.ccld.dss.ca.gov/transparencyapi/api/FacilityDetail/384001346,5,,2025-07-31
,"SERRA SCHOOL AT THE PRESIDIO, THE",384001376,"LICENSED TO SERVE CHILDREN AGES 2 TO 5.9 YEARS OLD.                   DAYS & HOURS OF OPERATION:  MONDAY - FRIDAY, 8:00 AM - 5:00 PM.       SUBJECT TO CONDITIONS OF WAIVER.",47,https://www.ccld.dss.ca.gov/transparencyapi/api/FacilityDetail/384001376,5,47,2022-12-13
,KAI MING HEAD START - SUNSET CENTER,384001393,LICENSED TO SERVE CHILDREN AGES 2 TO ENTRY INTO FIRST GRADE. HOURS OF OPERATION: MONDAY -FRIDAY FROM 7:30AM - 6:00PM. SUBJECT TO TERMS AND  CONDITIONS OF OUTDOOR ROTATION AND ELECTRONIC SIGNATURE WAIVERS.,45,https://www.ccld.dss.ca.gov/transparencyapi/api/FacilityDetail/384001393,3,45,2022-09-08
,SUNRISE CHRISTIAN PRESCHOOL,384001395,LICENSED TO SERVE CHILDREN AGED 2 TO 5.11 YEARS OF AGE.  HOURS OF     OPERATION:  MONDAY TO FRIDAY 7:00AM TO 6:00PM.                        SCHEDULED PLAYGROUND WAIVER.,22,https://www.ccld.dss.ca.gov/transparencyapi/api/FacilityDetail/384001395,5,22,2022-03-24
,"SCANDINAVIAN SCHOOL IN SAN FRANCISCO, THE",384001418,"LICENSED TO SERVE CHILDREN AGED 2 TO 5.9 YEARS IN ROOMS               1,2,4,5,6,7,8. DAYS AND HOURS OF OPERATIONS: MONDAY TO FRIDAY 8:00AM  TO 6:00PM. SCHEDULED PLAYGROUND WAIVER.",57,https://www.ccld.dss.ca.gov/transparencyapi/api/FacilityDetail/384001418,5,57,2022-09-28
,SFUSD-BESSIE CARMICHAEL EARLY EDUCATION SCHOOL,384001456,"LICENSED TO SERVE CHILDREN AGES 2 TO ENTRY INTO FIRST GRADE IN ROOMS  #101, #102 AND #103. M-F 7:30AM - 5:30PM.  SUBJECT TO TERMS AND       CONDITIONS OF OUTDOOR WAIVER.",72,https://www.ccld.dss.ca.gov/transparencyapi/api/FacilityDetail/384001456,3,72,2022-05-20
,"ROOM TO GROW PRESCHOOL, THE",384001473,LICENSED TO SERVE CHILDREN AGED 2 TO 6 YEARS OLD.                     HOURS OF OPERATION: MONDAY-FRIDAY 7:00AM-6:00PM.,26,https://www.ccld.dss.ca.gov/transparencyapi/api/FacilityDetail/384001473,5,26,2022-07-27
,SFUSD - SHERIDAN EARLY EDUCATION SCHOOL,384001488,"LICENSED TO SERVE 52 AMBULATORY CHILDREN AND 4 NON-AMBULATORY         CHILDREN AGES 2 TO ENTRY INTO FIRST GRADE IN ROOMS #127, #128, #129   (GROSS MOTOR ROOM), AND #130. M-F 7:30AM - 3:30PM. SUBJECT TO TERMS",0,https://www.ccld.dss.ca.gov/transparencyapi/api/FacilityDetail/384001488,4,0,2021-03-22
,KAI MING HEAD START-NORTH BEACH CENTER,384001489,LICENSED TO SERVE CHILDREN AGES 2 TO ENTRY INTO FIRST GRADE WITH 16   CHILDREN AGES 18 TO 36 MONTHS NOT TO EXCEED 12 IN EACH GROUP. DAYS    AND HOURS OF OPERATION: MONDAY-FRIDAY FROM 7:00AM-6:00PM.,40,https://www.ccld.dss.ca.gov/transparencyapi/api/FacilityDetail/384001489,4,40,2023-06-13
,LETTERMAN DIGITAL ARTS CCC (PRESCHOOL),384001491,"COMBINATION CENTER. LICENSED TO SERVE CHILDREN AGES 2-5 YEARS OF AGE  IN ROOMS 105, 110 & 115.  DAYS AND HOURS OF OPERATION: MONDAY-FRIDAY  8:00AM-5:30PM.",26,https://www.ccld.dss.ca.gov/transparencyapi/api/FacilityDetail/384001491,4,26,2022-06-29
,STARLIGHT TWO,384001536,LICENSED TO SERVE CHILDREN AGED 2 TO ENTRY INTO FIRST GRADE.  DAYS &  HOURS OF OPERATION: MONDAY-FRIDAY 7:00 AM-6:00 PM. NO YARD. PLAYGROUNDWAIVER.,45,https://www.ccld.dss.ca.gov/transparencyapi/api/FacilityDetail/384001536,3,45,2022-11-09
,ST. PHILIP THE APOSTLE PRESCHOOL DAY CARE CENTER,384001548,LICENSED TO SERVE CHILDREN AGED 2.9 TO 5.9 YEARS OLD.                 HOURS OF OPERATION: MONDAY-FRIDAY 7:30AM-5:30PM.                      SCHEDULED PLAYGROUND WAIVER.,24,https://www.ccld.dss.ca.gov/transparencyapi/api/FacilityDetail/384001548,6,24,2021-10-27
,STAR OF THE SEA PRESCHOOL,384001604,"LICENSED FOR CHILDREN AGED FROM 2-6 YRS OLD IN THE PRESCHOOL          CLASSROOM, THE AUDITORIUM AND THE CAFETERIA. SUBJECT TO OUTDOOR SPACE WAIVER. DAYS AND HOURS OF OPERATION: MONDAY-FRIDAY FROM 8AM - 6PM.",30,https://www.ccld.dss.ca.gov/transparencyapi/api/FacilityDetail/384001604,3,30,2023-01-31
,CENTRO LAS OLAS,384001625,LICENSED TO SERVE CHILDREN AGES 2 TO ENTRY INTO FIRST GRADE. HOURS OF OPERATION: MONDAY-FRIDAY FROM 8:30AM-1:30PM. SUBJECT TO TERMS AND     CONDITIONS OF ELECTRONIC SIGNATURE WAIVER.,16,https://www.ccld.dss.ca.gov/transparencyapi/api/FacilityDetail/384001625,4,,2021-01-05
,MISSION HEAD START - VALENCIA GARDENS,384001634,LICENSED TO SERVE CHILDREN AGES 2 TO ENTRY INTO FIRST GRADE. HOURS OF OPERATION: MONDAY-FRIDAY FROM 7:00AM-6:00PM. SUBJECT TO TERMS AND     CONDITIONS OF OUTDOOR ROTATION AND ELECTRONIC SIGNATURE WAIVERS.,34,https://www.ccld.dss.ca.gov/transparencyapi/api/FacilityDetail/384001634,6,34,2023-05-10
,HAPPY DAY PRESCHOOL,384001687,LICENSED TO SERVE CHILDREN AGED 2 TO ENTRY INTO FIRST GRADE.  DAYS ANDHOURS OF OPERATIONS: MONDAY TO FRIDAY 7:30 AM TO 6:00 PM. SCHEDULED   PLAYGROUND WAIVER.,30,https://www.ccld.dss.ca.gov/transparencyapi/api/FacilityDetail/384001687,4,30,2022-04-20
,SFCCD-MISSION COMMUNITY COLLEGE CENTER,384001721,"LICENSED TO SERVE CHILDREN AGES 2 TO ENTRY INTO FIRST GRADE IN ROOMS  163, 164, 165, 166 & 168 IN BUILDING B.  DAYS AND HOURS OF OPERATION: MONDAY - FRIDAY 8:00AM - 5:30PM.",40,https://www.ccld.dss.ca.gov/transparencyapi/api/FacilityDetail/384001721,8,40,2022-04-15
,ST. ANNE PRESCHOOL,384001789,LICENSED TO SERVE 25 PRESCHOOL CHILDREN.                              HOURS OF OPERATION: MONDAY-FRIDAY 7:00AM-6:00PM.                      SCHEDULED PLAYGROUND WAIVER.,12,https://www.ccld.dss.ca.gov/transparencyapi/api/FacilityDetail/384001789,6,12,2022-03-15
,PACIFIC PRIMARY - ORANGE SUN CAMPUS,384001816,"LICENSED TO SERVE CHILDREN AGES 2 TO ENTRY INTO FIRST GRADE IN ROOMS  101, 103-105 & 202-204. HOURS OF OPERATION: MONDAY-FRIDAY FROM        7:30AM-6:30PM. SUBJECT TO TERMS AND CONDITIONS OF OUTDOOR ROTATION",75,https://www.ccld.dss.ca.gov/transparencyapi/api/FacilityDetail/384001816,9,,2024-10-08
,ST. THOMAS MORE PRESCHOOL,384001829,LICENSED TO SERVE CHILDREN AGES 2 TO ENTRY INTO FIRST GRADE IN ROOMS  1 AND 4. HOURS OF OPERATION: MONDAY-FRIDAY FROM 7:00AM-6:00PM.        SUBJECT TO TERMS AND CONDITIONS OF OUTDOOR ROTATION AND ELECTRONIC,34,https://www.ccld.dss.ca.gov/transparencyapi/api/FacilityDetail/384001829,4,34,2022-08-05
,"COMMUNITY PRESCHOOL, GRACE CATHEDRAL, THE",384001831,"LICENSED TO SERVE CHILDREN AGES TWO TO ENTRY INTO FIRST GRADE IN      ROOMS 100, 101, 102 AND 103. HOURS OF OPERATION: MONDAY-FRIDAY FROM   8:00AM-6:00PM. SUBJECT TO TERMS AND CONDITIONS OF OUTDOOR AND",12,https://www.ccld.dss.ca.gov/transparencyapi/api/FacilityDetail/384001831,5,12,2022-08-31
,SOUTHEAST FAMILIES UNITED/MISSION HEAD START,384001834,LICENSED TO SERVE CHILDREN AGES 2 TO ENTRY INTO FIRST GRADE IN ROOM 1 AND 2. SUBJECT TO TERMS AND CONTIDIONS OF OUTDOOR ROTATION AND        ELECTRONIC SIGNATURE WAIVERS.,32,https://www.ccld.dss.ca.gov/transparencyapi/api/FacilityDetail/384001834,6,32,2022-04-05
,KAI MING HEAD START - BROADWAY CENTER,384001838,LICENSED TO SERVE CHILDREN AGES 2 TO ENTRY INTO FIRST GRADE IN ROOMS  1-3. HOURS OF OPERATION: MONDAY-FRIDAY; 8:00AM-4:30PM. SUBJECT TO     TERMS AND CONDITIONS OF OUTDOOR ROTATION AND ELECTRONIC SIGNATURE,20,https://www.ccld.dss.ca.gov/transparencyapi/api/FacilityDetail/384001838,4,20,2022-07-27
,SFSU - CHILDREN'S CAMPUS (PRESCHOOL),384001884,LICENSED TO SERVE CHILDREN AGE 2 TO ENTRY INTO FIRST GRADE IN ROOMS   112 AND 114. HOURS OF OPERATION: MONDAY-FRIDAY FROM 7:30AM-5:30PM.    SUBJECT TO TERMS AND CONDITIONS OF ELECTRONIC SIGNATURE WAIVER.,42,https://www.ccld.dss.ca.gov/transparencyapi/api/FacilityDetail/384001884,4,,2025-04-08
,LITTLE PEOPLE PRESCHOOL,384001910,LICENSED TO SERVE 30 PRE-SCHOOL CHILDREN IN ROOMS 1 TO 5.             HOURS OF OPERATION FROM MON-FRI 8AM TO 6PM.,30,https://www.ccld.dss.ca.gov/transparencyapi/api/FacilityDetail/384001910,6,30,2022-03-17
,POTRERO KIDS AT DANIEL WEBSTER,384001949,LICENSED TO SERVE CHILDREN AGES 2 TO ENTRY INTO FIRST GRADE IN        BUNGALOWS 1-2 (ROOMS 20-21). HOURS OF OPERATION: MONDAY-FRIDAY FROM   7:30AM-6:00PM. SUBJECT TO TERMS AND CONDITIONS OF ELECTRONIC,38,https://www.ccld.dss.ca.gov/transparencyapi/api/FacilityDetail/384001949,9,,2021-05-19
,"STRETCH THE IMAGINATION, LLC",384002029,LICENSED TO SERVE 52 CHILDREN AGE 2.0 TO 5.9 YEARS OLD WITH WAIVER    GRANTED FOR OUTDOOR ACTIVITY SPACE. WAIVER SHALL BE POSTED NEXT TO    THE LICENSE.,52,https://www.ccld.dss.ca.gov/transparencyapi/api/FacilityDetail/384002029,5,52,2022-09-16
,ST.THOMAS THE APOSTLE PRE&K LRNG CTR,384002040,"SERVING CHILDREN AGES 2 YEARS TO ENTRY INTO 1ST GRADE IN ROOMS 1, 2,  STAGE AND RYAN HALL.  DAYS AND HOURS OF OPERATION: MONDAY TO FRIDAY   FROM 8:00AM TO 6:00PM.  SUBJECT TO OUTDOOR SPACE WAIVER, NO MORE THAN",75,https://www.ccld.dss.ca.gov/transparencyapi/api/FacilityDetail/384002040,6,,2024-01-02
,LANGUAGE IN ACTION - SF,384002044,LICENSED TO SERVE 20 PRESCHOOL CHILDREN BETWEEN THE HOURS OF 8:00 AM  TO 6 PM WITH WAIVER FOR OUTDOOR ACTIVITY SPACE.,20,https://www.ccld.dss.ca.gov/transparencyapi/api/FacilityDetail/384002044,4,20,2022-08-18
,LANGUAGE IN ACTION - SF,384002045,LICENSED TO SERVE 15 CHILDREN BETWEEN THE HOURS OF 8:00 AM TO 6:00 PM WITH WAIVER FOR OUTDOOR ACTIVITIES SPACE.,0,https://www.ccld.dss.ca.gov/transparencyapi/api/FacilityDetail/384002045,4,0,2021-09-13
,MY LITTLE LEARNING TREE,384002056,LICENSED TO SERVE CHILDREN AGED 2 TO 5 YEARS OLD. DAYS AND HOURS OF   OPERATION: MONDAY TO FRIDAY FROM 7:30AM TO 6:00PM.SCHEDULED OUTDOOR   SPACE WAIVER.,31,https://www.ccld.dss.ca.gov/transparencyapi/api/FacilityDetail/384002056,3,31,2023-06-07
,LA SCUOLA INTERNATIONAL SCHOOL,384002073,"LICENSED TO SERVE PRESCHOOL CHILDREN AGES 2 YRS OLD THROUGH ENTRY INTOKINDERGARTEN.  DAYS AND HOURS OF OPERATION:  MONDAY TO FRIDAY, 8:30 AMTO 5:30 PM IN ROOMS 1,2,3,4,5 AND THE GROSS MOTOR AREA. SCHEDULED OUT-",100,https://www.ccld.dss.ca.gov/transparencyapi/api/FacilityDetail/384002073,5,100,2022-09-15
,SFUSD - PUBLIC MONTESSORI SCHOOL (EES),384002088,"LICENSED TO SERVE CHILDREN AGES 2 TO ENTRY INTO FIRST GRADE IN ROOMS  #111, #112, #121 AND #122. M-F 7:45AM - 5:45PM.",88,https://www.ccld.dss.ca.gov/transparencyapi/api/FacilityDetail/384002088,5,,2024-09-18
,NOE VALLEY NURSERY SCHOOL,384002096,LICENSED TO SERVE CHILDREN AGE: 2.6-5 YEARS OLD IN THE MAIN CLASSROOM OF THE PARKS AND RECREATION BUILDING BEING USED.                      HOURS OF OPERATION: MONDAY-FRIDAY FROM 9:00AM-3:30PM. SUBJECT TO,16,https://www.ccld.dss.ca.gov/transparencyapi/api/FacilityDetail/384002096,3,16,2022-10-03
,SUNSET NURSERY SCHOOL,384002119,PRESCHOOL CO-OP - DAY AND HOURS OF OPERATION:  MONDAY - FRIDAY 8AM -  5PM. GROUND LEVEL CLASSROOM AND ON SITE OUTDOOR SPACE ONLY. SERVE     CHILDREN AGED 2-5.9 YEAR.,38,https://www.ccld.dss.ca.gov/transparencyapi/api/FacilityDetail/384002119,4,38,2022-11-17
,PRESIDIO KNOLLS SCHOOL,384002131,LICENSED TO SERVE CHILDREN AGES 2 TO ENTRY INTO FIRST GRADE IN ROOMS  1-12. HOURS OF OPERATION: MONDAY- FRIDAY FROM 7:30AM - 6:OOPM. SUBJECTTO TERMS AND CONDITIONS OF OUTDOOR ROTATION AND ELECTRONIC SIGN IN/OUT,0,https://www.ccld.dss.ca.gov/transparencyapi/api/FacilityDetail/384002131,5,0,2021-07-09
,"LITTLE FOOTPRINTS PRESCHOOL, CORP.",384002156,LICENSED TO SERVE CHILDREN AGES 2 TO ENTRY INTO FIRST GRADE. HOURS OF OPERATION: MONDAY-FRIDAY FROM 7:30AM-6:30PM. SUBJECT TO TERMS AND     CONDITIONS OF ELECTRONIC SIGNATURE WAIVER.,80,https://www.ccld.dss.ca.gov/transparencyapi/api/FacilityDetail/384002156,7,,2022-09-13
,FACESSF - BAYVIEW PRESCHOOL,384002199,"LICENSED TO SERVE CHILDREN AGES 2 TO ENTRY TO FIRST GRADE IN ROOMS 1, 3, 4, 7, AND 8. TODDLERS IN ROOM 2 AGES 18-36 MONTHS. SUBJECT TO      TERMS AND CONDITIONS OF OUTDOOR ROTATION WAIVER.",92,https://www.ccld.dss.ca.gov/transparencyapi/api/FacilityDetail/384002199,20,,2022-01-28
,FACESSF - MASONIC PRESCHOOL,384002201,"LICENSED TO SERVE CHILDREN AGES 2 TO ENTRY INTO FIRST GRADE IN ROOMS  1-4, MUSIC ROOM AND GROSS MOTOR ROOM. HOURS OF OPERATION:             MONDAY-FRIDAY FROM 7AM-6PM. SUBJECT TO TERMS AND CONDITIONS OF",71,https://www.ccld.dss.ca.gov/transparencyapi/api/FacilityDetail/384002201,10,71,2023-05-23
,"SLIPPERY FISH INITIATIVE, INC.- PRESCHOOL",384002203,"LICENSED TO SERVE CHILDREN AGES 2 TO ENTRY INTO FIRST GRADE. HOURS OF OPERATION: MONDAY-FRIDAY FROM 9:00AM-5:30PM. M,W,F IN RMS 2-5 NO MORE THAN 40 CHILDREN. T,TH RMS 4-5 NO MORE THAN 23 CHILDREN. SUBJECT TO",33,https://www.ccld.dss.ca.gov/transparencyapi/api/FacilityDetail/384002203,3,33,2022-11-16
,HOLY NAME PRESCHOOL,384002235,"LICENSED FOR CHILDREN AGES 2.6 TO 6 YEARS OLD, IN ROOMS 1 AND 2.      DAYS AND HOURS OF OPERATION:  MONDAY TO FRIDAY 7:15AM TO 6:00PM.      SUBJECT TO OUTDOOR SPACE WAIVER.",75,https://www.ccld.dss.ca.gov/transparencyapi/api/FacilityDetail/384002235,6,75,2022-11-29
,CCFC-VV JOHN KING CENTER (P),384002237,LICENSED TO SERVE CHILDREN AGES 2 TO ENTRY INTO FIRST GRADE. HOURS OF OPERATION: MONDAY-FRIDAY FROM 7:30AM-5:30PM. SUBJECT TO TERMS AND     CONDITIONS OF ELECTRONIC SIGNATURE WAIVER.,24,https://www.ccld.dss.ca.gov/transparencyapi/api/FacilityDetail/384002237,3,24,2023-02-06
,CCFC-VV HERITAGE CENTER (P),384002239,LICENSED TO SERVE CHILDREN AGES 2 TO ENTRY INTO FIRST GRADE. HOURS OF OPERATION: MONDAY-FRIDAY FROM 7:30AM-5:30PM. SUBJECT TO TERMS AND     CONDITIONS OF OUTDOOR ROTATION AND ELECTRONIC SIGNATURE WAIVERS.,0,https://www.ccld.dss.ca.gov/transparencyapi/api/FacilityDetail/384002239,3,0,2023-04-12
,CCFC-VV TUCKER CENTER (P),384002241,LICENSED TO SERVE CHILDREN AGES 2 TO ENTRY INTO FIRST GRADE. HOURS OF OPERATION: MONDAY-FRIDAY FROM 7:30AM-5:30PM. SUBJECT TO TERMS AND     CONDITIONS OF ELECTRONIC SIGNATURE WAIVER.,16,https://www.ccld.dss.ca.gov/transparencyapi/api/FacilityDetail/384002241,3,16,2023-02-15
,CCFC-VV LELAND CENTER (P),384002242,LICENSED TO SERVE CHILDREN AGES 2 TO ENTRY INTO FIRST GRADE. HOURS OF OPERATION: MONDAY-FRIDAY FROM 7:30AM-5:30PM. SUBJECT TO TERMS AND     CONDITIONS OF ELECTRONIC SIGNATURE WAIVER. OPERATES IN ROOMS 1-3 & 5.,88,https://www.ccld.dss.ca.gov/transparencyapi/api/FacilityDetail/384002242,4,,2023-04-25
,LITTLE LYNC CHILD CARE CENTER (THE),384002252,"PRESCHOOL ONLY, SERVING CHILDREN 2 TO KINDERGARTEN OR 6 YRS OF AGE,   MON TO FRI 7AM TO 6PM.  SUBJECTED TO ( 5 CAPACITY) OUTDOOR USAGE      WAIVER, USE CLEARANCE FOR STREET LEVEL ONLY, IN MAIN ROOM, ACTIVITY",27,https://www.ccld.dss.ca.gov/transparencyapi/api/FacilityDetail/384002252,4,27,2022-05-12
,LITTLE TREE PRESCHOOL,384002282,LICENSED FOR 22 CHILDREN.  AGES: 2 YEARS OLD THRU ENTRY INTO FIRST GRADE.  HOURS OF OPERATION: MONDAY - FRIDAY FROM 8:00AM - 6:00PM.  SCHEDULED OUTDOOR PLAYGROUND WAIVER.,22,https://www.ccld.dss.ca.gov/transparencyapi/api/FacilityDetail/384002282,4,22,2022-09-29
,"ALPHA KIDS ACADEMY, LLC",384002291,"LICENSED TO SERVE CHILDREN AGED FROM 2-5 YEARS OLD. DAYS AND HOURS OF OPERATION: MONDAY TO FRIDAY FROM 7:30AM-6:00PM. SUBJECT TO OUTDOOR    PLAYGROUND WAIVER, NO MORE THAN 32 CHILDREN OUTDOOR AT ONCE.",53,https://www.ccld.dss.ca.gov/transparencyapi/api/FacilityDetail/384002291,5,53,2022-03-15
,C5 CHILDREN'S SCHOOL-SFPUC (PS),384002299,LICENSED TO SERVE CHILDREN AGES 2 TO ENTRY INTO FIRST GRADE. HOURS OF OPERATION: MONDAY-FRIDAY FROM 8:00AM-6:00PM. SUBJECT TO TERMS AND     CONDITIONS OF OUTDOOR ROTATION AND ELECTRONIC SIGNATURE WAIVERS.,45,https://www.ccld.dss.ca.gov/transparencyapi/api/FacilityDetail/384002299,4,,2021-08-04
,POTRERO KIDS THIRD,384002301,LICENSED TO SERVE CHILDREN AGES 2 TO ENTRY INTO FIRST GRADE. HOURS OF OPERATION: MONDAY-FRIDAY FROM 8:00AM-6:00PM. SUBJECT TO TERMS AND     CONDITIONS OF OUTDOOR ROTATION AND ELECTRONIC SIGNATURE WAIVERS.,64,https://www.ccld.dss.ca.gov/transparencyapi/api/FacilityDetail/384002301,5,64,2022-10-18
,FRIENDS OF POTRERO HILL NURSERY SCHOOL,384002303,LICENSED TO SERVE CHILDREN AGED FROM 2.9 TO 5 YRS OLD.  HOURS OF      OPERATION: MONDAY TO FRIDAY FROM 8:30AM TO 5:30PM.,30,https://www.ccld.dss.ca.gov/transparencyapi/api/FacilityDetail/384002303,5,30,2021-11-19
,KANGAROOS PRESCHOOL II,384002312,LICESED TO SERVE CHILDREN AGED 2-5 YEARS OLD.                         DAYS AND HOURS OF OPERATION: MONDAY TO FRIDAY FROM 7:30AM TO 6:00PM.  OUTDOOR SPACE WAIVER WITH NO MORE THAN 14 CHILDREN OUTDOOR AT ONE TIME,46,https://www.ccld.dss.ca.gov/transparencyapi/api/FacilityDetail/384002312,4,46,2022-02-04
,TINY GIANTS (PS),384002352,LICENSED TO SERVED CHILDREN AGES 2YRS TO KINDERGARTEN MONDAY TO FRIDAYFROM 7:30AM TO 5:30PM.,60,https://www.ccld.dss.ca.gov/transparencyapi/api/FacilityDetail/384002352,4,60,2022-09-30
,SF WALDORF SCHOOL-NURSERY PROG. EAST,384002419,LICENSED TO SERVE 46 PRESCHOOL AGED CHILDREN. DAYS AND HOURS OF       OPERATION: MONDAY-FRIDAY 8:00AM-5:00PM. SUBJECT TO THE TERMS AND      CONDITIONS OF THE OUTDOOR PLAYGROUND WAIVER.,46,https://www.ccld.dss.ca.gov/transparencyapi/api/FacilityDetail/384002419,4,46,2023-05-03
,WU YEE CHILDREN'S SERVICES- BAYVIEW CDC,384002433,LICENSED TO SERVE CHILDREN AGES 2 TO ENTRY INTO FIRST GRADE. HOURS OF OPERATION: MONDAY-FRIDAY FROM 7:00AM-6:00PM. SUBJECT TO TERMS AND     CONDITIONS OF OUTDOOR ROTATION AND ELECTRONIC SIGNATURE WAIVERS.,32,https://www.ccld.dss.ca.gov/transparencyapi/api/FacilityDetail/384002433,7,,2021-11-05
,"YMCA OF SF., STONESTOWN BRANCH, LUTHERAN CHURCH",384002434,LICENSED TO SERVE CHILDREN AGES 2 TO ENTRY INTO FIRST GRADE. HOURS OF OPERATION: MONDAY-FRIDAY FROM 7:00AM-6:00PM. SUBJECT TO TERMS AND     CONDITIONS OF ELECTRONIC SIGNATURE WAIVER. OPERATES IN ROOMS 1-4.,32,https://www.ccld.dss.ca.gov/transparencyapi/api/FacilityDetail/384002434,6,,2024-12-19
,GAN NOE PRESCHOOL,384002445,"LICENSED TO SERVE 30 CHILDREN AGES 2-5 YEARS: MAXIMUM OF 18 CHILDREN  ON GROUND LEVEL, MAXIMUM OF 14 CHILDREN ON SECOND LEVEL. DAYS & HOURS OF OPERATION: MON-THURS, 8:30A-5P; FRI, 8:30A-4P.",30,https://www.ccld.dss.ca.gov/transparencyapi/api/FacilityDetail/384002445,4,30,2022-09-12
,CCFC-50 RAYMOND CENTER (PS),384002448,"LICENSED TO SERVE CHILDREN AGES 2 TO ENTRY INTO FIRST GRADE. HOURS OF OPERATION: MONDAY-FRIDAY FROM 7:00AM-1:30PM IN RM 2 DURING SCHOOL     YEAR, AND FROM 7:00AM-6:00PM IN RM 1 FOR FULL YEAR. SUBJECT TO TERMS",24,https://www.ccld.dss.ca.gov/transparencyapi/api/FacilityDetail/384002448,3,24,2023-05-03
,"GROWING TREE SCHOOL LLC, THE (PS)",384002454,LICENSED TO SERVE PRESCHOOL CHILDREN AGES 2 - ENTRY INTO FIRST GRADE  ON THE SECOND FLOOR LEVEL ONLY. DAYS AND HOURS OF OPERATION: MONDAY   TO FRIDAY FROM 7:30AM - 6:00PM. SUBJECT TO OUTDOOR SPACE WAIVER.,73,https://www.ccld.dss.ca.gov/transparencyapi/api/FacilityDetail/384002454,8,,2022-05-27
,LITTLE BEE,384002469,LICENSED TO SERVE CHILDREN AGES 2 TO 5.9 YEARS OF AGE.                HOURS OF OPERATION: MONDAY TO FRIDAY 8:00 AM TO 5:30 PM.              SCHEDULED PLAYGROUND WAIVER.,32,https://www.ccld.dss.ca.gov/transparencyapi/api/FacilityDetail/384002469,4,32,2022-04-11
,LANGUAGE IN ACTION-NOE VALLEY MINISTRY (PS),384002479,LICENSED TO SERVE CHILDREN AGED 2 TO 6 YEARS OLD. DAYS AND HOURS OF   OPERATION: MONDAY TO FRIDAY FROM 8:00AM - 6:00PM.  SUBJECT TO TERMS   AND CONDITIONS FOR OUTDOOR ROTATION WAIVER.,30,https://www.ccld.dss.ca.gov/transparencyapi/api/FacilityDetail/384002479,4,,2021-02-04
,"ALPHA KIDS ACADEMY, LLC (PS)",384002496,LICENSED TO SERVE CHILDREN AGES 2 TO 5.9 YEARS OF AGE. FROM MONDAY TO FRIDAY 7:30AM TO 6:00PM.  IN CLASSROOM 1 AND 2.  SCHEDULED PLAYGROUND WAIVER.,30,https://www.ccld.dss.ca.gov/transparencyapi/api/FacilityDetail/384002496,3,30,2023-05-23
,"INTERNATIONAL SCHOOL OF SAN FRANCISCO, THE",384002504,"LICENSED TO SERVE CHILDREN AGED FROM 2.9-5.9 YEARS OLD.               DAYS AND HOURS OF OPERATION: MONDAY-FRIDAY FROM 7:30AM-6:00PM         SUBJECT TO OUTDOOR SPACE WAIVER, NO MORE THAN 170 CHILDREN AT ONCE.",94,https://www.ccld.dss.ca.gov/transparencyapi/api/FacilityDetail/384002504,9,94,2023-08-03
,WU YEE CHILDREN'S SERVICES-OMI PRESCHOOL CTR (PS),384002513,LICENSED TO SERVE CHILDREN AGES 2 TO ENTRY INTO FIRST GRADE. HOURS OF OPERATION: MONDAY-FRIDAY FROM 7:00AM-6:00PM. SUBJECT TO TERMS AND     CONDITIONS OF OUTDOOR ROTATION AND ELECTRONIC SIGNATURE WAIVERS.,45,https://www.ccld.dss.ca.gov/transparencyapi/api/FacilityDetail/384002513,2,45,2023-08-24
,SFUSD-COMMODORE STOCKTON EARLY ED SCHOOL (PS),384002514,"LICENSED TO SERVE CHILDREN AGES 2 TO ENTRY INTO FIRST GRADE. HOURS OF OPERATION: M-F 7:45AM - 5:45PM IN ROOMS 1,2,3,&4.  SCHEDULED          PLAYGROUND WAIVER.",88,https://www.ccld.dss.ca.gov/transparencyapi/api/FacilityDetail/384002514,5,88,2022-03-18
,WU YEE CHILDREN'S SERVICES - KIRKWOOD CCC (PS),384002529,LICENSED TO SERVE CHILDREN AGES 2 TO ENTRY INTO FIRST GRADE. HOURS OF OPERATION: MONDAY-FRIDAY FROM 7:00AM-6:00PM. SUBJECT TO TERMS AND     CONDTIONS OF ELECTRONIC SIGNATURE WAIVER. OPERATES IN ROOMS 3-5.,46,https://www.ccld.dss.ca.gov/transparencyapi/api/FacilityDetail/384002529,6,,2024-10-31
,WU YEE CHILDREN'S SERVICES-WESTSIDE CCC (PS),384002531,LICENSED TO SERVE CHILDREN AGES 2 TO ENTRY INTO FIRST GRADE. HOURS OF OPERATION: MONDAY-FRIDAY FROM 7:00AM-6:00PM. SUBJECT TO TERMS AND     CONDTIONS OF ELECTRONIC SIGNATURE WAIVER.,30,https://www.ccld.dss.ca.gov/transparencyapi/api/FacilityDetail/384002531,4,,2021-01-11
,ALEMANY CENTER-HEAD START (PS),384002539,LICENSED TO SERVE CHILDREN AGES 2 TO ENTRY INTO FIRST GRADE. HOURS OF OPERATION: MONDAY-FRIDAY FROM 8:00AM-4:30PM. SUBJECT TO TERMS AND     CONDITIONS OF ELECTRONIC SIGNATURE WAIVER.,18,https://www.ccld.dss.ca.gov/transparencyapi/api/FacilityDetail/384002539,3,18,2022-06-24
,ST. LUKE'S PARISH SCHOOL,384002543,"LICENSED TO SERVE CHILDREN AGES 2 TO 5.9, IN ROOMS 101,107,201,207,301,307 AND 310, FROM MONDAY TO FRIDAY 8:30AM TO 3:30PM.                 ROOF TOP PLAYGROUND, SCHEDULED PLAYGROUND WAIVER.",104,https://www.ccld.dss.ca.gov/transparencyapi/api/FacilityDetail/384002543,3,104,2023-09-21
,KAI MING HEAD START - ST. LUKE CENTER (PS),384002582,LICENSED TO SERVE CHILDREN AGES 2 TO ENTRY INTO FIRST GRADE. HOURS OF OPERATION: MONDAY-FRIDAY FROM 7:30AM-6:00PM. SUBJECT TO TERMS AND     CONDITIONS OF OUTDOOR ROTATION AND ELECTRONIC SIGNATURE WAIVERS.,72,https://www.ccld.dss.ca.gov/transparencyapi/api/FacilityDetail/384002582,5,,2023-12-28
,ST. ANNE PRE-KINDERGARTEN (PS),384002584,LICENSED TO SERVE CHILDREN AGES 2 TO 5.9. MONDAY TO FRIDAY 7:00AM TO  6:00PM. IN ROOM PK1 & JUNIOR PK.,0,https://www.ccld.dss.ca.gov/transparencyapi/api/FacilityDetail/384002584,7,0,2021-09-13
,PLAYGROUP (PS),384002593,"LICENSED TO SERVE CHILDREN AGES 2 TO ENTRY INTO FIRST GRADE. DAYS     AND HOURS OF OPERATION: MONDAY - FRIDAY, 8:00AM - 6:00PM.",0,https://www.ccld.dss.ca.gov/transparencyapi/api/FacilityDetail/384002593,5,0,2022-04-26
,LA PICCOLA SCUOLA ITALIANA,384002595,"LICENSED TO SERVE 64 CHILDREN, AGES 2 TO ENTRY TO FIRST GRADE.        PROGRAM OPERATES YEAR-ROUND IN ROOMS A, B, AND C (AKA T1, T1A, T2, T3,T4, AND T4A).  SUBJECT TO TERMS AND CONDITIONS OF THE RESTROOM AND",64,https://www.ccld.dss.ca.gov/transparencyapi/api/FacilityDetail/384002595,5,64,2022-11-08
,GROWING PLACE FAMILY PRESCHOOL AND PARENTING CTR.,384002631,LICENSED TO SERVE CHILDREN AGES 2 TO ENTRY INTO FIRST GRADE. HOURS OF OPERATION: MONDAY-FRIDAY FROM 7:15AM-6:00PM. SUBJECT TO TERMS AND     CONDITIONS OF OUTDOOR ROTATION AND ELECTRONIC SIGNATURE WAIVERS.,58,https://www.ccld.dss.ca.gov/transparencyapi/api/FacilityDetail/384002631,3,58,2022-08-30
,SFUSD-JOSE ORTEGA ES (EED) PS,384002637,LICENSED TO SERVE CHILDREN AGES 2 TO ENTRY INTO FIRST GRADE IN ROOMS  #1 AND #B8 M-F 7:55 - 5:00PM.  SUBJECT TO TERMS AND CONDITIONS OF     OUTDOOR WAIVER.,48,https://www.ccld.dss.ca.gov/transparencyapi/api/FacilityDetail/384002637,2,48,2023-09-05
,"KINDERHAUS, A GERMAN INTERNATIONAL PRESCHOOL",384002638,LICENSED TO SERVE 18 PRESCHOOL CHILDREN FROM 2 YEARS OLD TO ENTERY    INTO FIRST GRADE. DAYS AND HOURS OF OPERATION ARE MONDAY TO FRIDAY    8:00AM TO 6:00PM. SCHEDULED PLAYGROUND WAIVER.,18,https://www.ccld.dss.ca.gov/transparencyapi/api/FacilityDetail/384002638,5,,2021-03-04
,SUNSET SPROUTS,384002663,LICENSE TO SERVE CHILDREN AGES 2 TO 5.9 YEARS OF AGE.  MONDAY TO      FRIDAY FROM 8AM TO 6PM.  OUTDOOR SCHEDULED WAIVER,14,https://www.ccld.dss.ca.gov/transparencyapi/api/FacilityDetail/384002663,4,14,2022-08-01
,"TEACHING TOTS PRESCHOOL, INC.",384002677,"LICENSED TO SERVE CHILDREN AGES 2YRS TO 5.9YRS OF AGE.  HOURS OF      OPERTION:  MONDAY TO FRIDAY, 7:00AM TO 6:00PM.  SCHEDULED PLAYGROUND  WAIVER.",0,https://www.ccld.dss.ca.gov/transparencyapi/api/FacilityDetail/384002677,13,0,2021-09-07
,NORTH BEACH KIDS,384002679,LICENSED TO SERVE CHILDREN AGES 2 THROUGH 5.9 OR ENTRY INTO FIRST     GRADE. HOURS OF OPERATION: MONDAY THROUGH FRIDAY 8:00AM TO 6:OOPM.    SUBJECT TO SCHEDULED PLAYGROUND WAIVER.,28,https://www.ccld.dss.ca.gov/transparencyapi/api/FacilityDetail/384002679,3,28,2023-06-01
,LITTLE ANGELS NURSERY SCHOOL,384002696,"LICENSED TO SERVE 20 CHILDREN: 15 PREK (AGES 2-6) WITH TODDLER OPTION FOR 5 CHILDREN (18-36 MO). DAY & HOURS: M-F, 8A-5P, YEAR-ROUND WITH   HOLIDAY BREAKS. ***SEE OUTDOOR SPACE WAIVER & OPEN SPACE WAIVER***",20,https://www.ccld.dss.ca.gov/transparencyapi/api/FacilityDetail/384002696,18,,2023-02-21
,"MISSION NEIGHBORHOOD CTRS, INC. CENTRO DE ALEGRIA",384002718,LICENSED TO SERVE CHILDREN AGES 2 TO ENTRY INTO FIRST GRADE. HOURS OF OPERATION: MONDAY-FRIDAY FROM 8:00AM-5:30PM. GROUND LEVEL ONLY.       SUBJECT TO TERMS AND CONDITIONS OF OUTDOOR ROTATION AND ELECTRONIC,55,https://www.ccld.dss.ca.gov/transparencyapi/api/FacilityDetail/384002718,4,,2022-11-21
,CHINATOWN COMMUNITY CHILDREN'S CENTER-NORTH BEACH,384002724,LICENSED TO SERVE CHILDREN AGES 2 TO ENTRY INTO FIRST GRADE. HOURS OF OPERATION: MONDAY-FRIDAY FROM 8:00AM-5:30PM. SUBJECT TO TERMS AND     CONDITIONS OF OUTDOOR SPACE AND ELECTRONIC SIGNATURE WAIVERS.,24,https://www.ccld.dss.ca.gov/transparencyapi/api/FacilityDetail/384002724,4,24,2023-06-14
,KAI MING RAINBOW PRESCHOOL CENTER,384002726,LICENSED TO SERVE CHILDREN AGES THREE TO ENTRY INTO THE FIRST GRADE.  HOURS OF OPERATION: MONDAY - FRIDAY 8:00AM TO 5:00PM. SUBJECT TO      TERMS AND CONDITIONS OF OUTDOOR AND ELECTRONIC SIGNATURE WAIVERS.,20,https://www.ccld.dss.ca.gov/transparencyapi/api/FacilityDetail/384002726,5,20,2022-07-14
,MARTIN LUTHER KING JR. CENTER,384002727,LICENSED TO SERVE CHILDREN AGES 2 TO ENTRY INTO FIRST GRADE. HOURS OF OPERATION: MONDAY-FRIDAY FROM 7:30AM-5:30PM. SUBJECT TO TERMS AND     CONDITIONS OF ELECTRONIC SIGNATURE WAIVER.,38,https://www.ccld.dss.ca.gov/transparencyapi/api/FacilityDetail/384002727,6,,2021-05-06
,FELTON LEARNING CENTER,384002729,LICENSED TO SERVE CHILDREN AGES 2-ENTRY INTO FIRST GRADE. HOURS OF    OPERATION: MONDAY-FRIDAY FROM 7:30AM TO 5:30PM. SUBJECT TO TERMS AND  CONDITIONS OF OUTDOOR ROTATION AND ELECTRONIC SIGNATURE WAIVERS.,0,https://www.ccld.dss.ca.gov/transparencyapi/api/FacilityDetail/384002729,2,0,2025-08-22
,TINY KNIGHTS PRESCHOOL AT SAINT GABRIEL SCHOOL,384002754,LICENSED TO SERVE CHILDREN AGED 2-5 YEARS OLD IN THE PRESCHOOL ROOM.  DATES AND HOURS OF OPERATION: MONDAY TO FRIDAY FROM 7:30AM-5:30PM.    SUBJECT TO OUTDOOR SPACE WAIVER WITH NO MORE THAN 22 CHILDREN AT,30,https://www.ccld.dss.ca.gov/transparencyapi/api/FacilityDetail/384002754,3,30,2022-09-23
,LITTLE TRAILBLAZERS (PS),384002794,FACILITY IS LICENSED TO SERVE CHILDREN AGES 2 TO ENTRY INTO FIRST     GRADE. DAYS AND HOURS OF OPERATION: MONDAY - FRIDAY FROM 7:30 AM      TO 6:00 PM. SEE WAIVER FOR ELECTRONIC SIGN IN AND OUT.,84,https://www.ccld.dss.ca.gov/transparencyapi/api/FacilityDetail/384002794,6,,2025-06-04
,"STORYBOOK SCHOOL, INC., THE",384002844,"LICENSED TO SERVE CHILDREN AGED FROM 2-5 YEARS OLD. DAYS AND HOURS OF OPERATION: MONDAY TO FRIDAY FROM 7:30AM-6:00PM.  SUBJECT TO OUTDOOR   SPACE WAIVER, NO MORE THAN 10 CHILDREN AT A TIME IN THE OUTDOOR AREA.",40,https://www.ccld.dss.ca.gov/transparencyapi/api/FacilityDetail/384002844,4,,2025-06-05
,"CIELITO LINDO MONTESSORI SCHOOL, LLC",384002957,"LICENSED TO SERVE CHILDREN AGES: 3 YEARS OLD TO ENTRY INTO 1ST GRADE.  HOURS OF OPERATION: 7:30AM - 6:00PM, MONDAY - FRIDAY.  SCHEDULED     PLAY YARD WAIVER.",24,https://www.ccld.dss.ca.gov/transparencyapi/api/FacilityDetail/384002957,4,24,2022-10-03
,TELEGRAPH HILL PARENT PARTICIPATION NURSERY,384002961,"PARENTAL COOPERATIVE, LICENSED TO SERVE CHILDREN AGES 2 TO ENTRY INTO FIRST GRADE.  HOURS OF OPERATION:  MONDAY TO FRIDAY FROM 8:45AM TO    12:45PM IN ROOM A & B (AT MULTIFUNCTIONAL CLUBHOUSE), AND VOLLEYBALL",28,https://www.ccld.dss.ca.gov/transparencyapi/api/FacilityDetail/384002961,3,28,2023-08-28
,CHIBI CHAN TOO,384002962,LICENSED TO SERVE CHILDREN AGES 2 TO ENTRY INTO FIRST GRADE. DAYS AND HOURS OF OPERATION: MONDAY-FRIDAY FROM 7:30AM-6:00PM. SUBJECT TO      TERMS AND CONDITION OF OUTDOOR ROTATION AND ELECTRONIC SIGNATURE,0,https://www.ccld.dss.ca.gov/transparencyapi/api/FacilityDetail/384002962,4,0,2021-09-28
,SAN FRANCISCO MONTESSORI ACADEMY,384002968,"LICENSED TO SERVE 23 CHILDREN AGES TWO TO ENTRY INTO FIRST GRADE.     FROM MONDAY TO FRIDAY, 8:00AM TO 5:30PM.  SCHEDULED PLAYGROUND        WAIVER.",23,https://www.ccld.dss.ca.gov/transparencyapi/api/FacilityDetail/384002968,6,,2023-08-22
,PETITE EXPLORER PRESCHOOL,384002978,"FACILITY LICENSED TO CARE FOR CHILDREN, AGES 2 YEARS OLD TO ENTRY     INTO FIRST GRADE. DAYS AND HOURS OF OPREATION: MONDAY-FRIDAY FROM     7:30AM TO 6:00PM IN CLASSROOMS 1,2,3 AND 4. SEE WAIVERS FOR SCHEDULED",66,https://www.ccld.dss.ca.gov/transparencyapi/api/FacilityDetail/384002978,3,66,2022-10-03
,FRANDELJA FAIRFAX,384002982,LICENSED TO SERVE CHILDREN AGES 2 TO ENTRY INTO FIRST GRADE INCLUDING TODDLERS 18 MONTHS TO 36 MONTHS NOT TO EXCEED 12 CHILDREN PER GROUP.  DAYS AND HOURS OF OPERATION: MON-FRI FROM 6:30AM-5:30PM.,56,https://www.ccld.dss.ca.gov/transparencyapi/api/FacilityDetail/384002982,8,,2021-11-05
,TINKER PRESCHOOL,384002991,FACILITY LICENSED TO SERVE CHILDREN AGES 2 YEARS TO ENTRY INTO        FIRST GRADE. DAYS AND HOURS OF OPERATION: MONDAY-FRIDAY 8:00AM        TO 6:00PM. SUBJECT TO CONDITIONS OF WAIVER FOR OUTDOOR SPACE.,45,https://www.ccld.dss.ca.gov/transparencyapi/api/FacilityDetail/384002991,4,45,2022-12-14
,COLOR ME FRENCH PRESCHOOL LLC,384002992,LICENSED TO SERVE CHILDREN AGES 2 YEARS TO ENTERY INTO FIRST GRADE.   DAYS AND HOURS OF OPERATION: MONDAY-FRIDAY FROM 8:30AM - 5:30PM.      SUBJECT TO CONDITIONS OF WAIVER FOR OUTDOOR PLAYGROUND.,19,https://www.ccld.dss.ca.gov/transparencyapi/api/FacilityDetail/384002992,3,19,2022-12-07
,SUNSHINE PRESCHOOL CENTER,384003012,LICENSED TO SERVE CHILDREN AGES 24 MONTHS TO ENTRY IN FIRST           GRADE.AMBULATORY ONLY.TODDLER OPTION (AGES 18 MO.TO 36 MO) SHALL NOT  EXCEED 5 CHILDREN. LICENSURE IS SUBJECT TO CONDITIONS OF THE OUTDOOR,30,https://www.ccld.dss.ca.gov/transparencyapi/api/FacilityDetail/384003012,14,,2024-11-14
,SWEET PEAS PRESCHOOL,384003038,LICENSED TO SERVE CHILDREN AGES 2 YEARS TO ENTRY INTO FIRST GRADE.    DAYS AND HOURS OF OPERATION: MONDAY THROUGH FRIDAY FROM               08:00 AM TO 05:30 PM. SEE WAIVER FOR SCHEDULED USAGE OF OUTDOOR PLAY,0,https://www.ccld.dss.ca.gov/transparencyapi/api/FacilityDetail/384003038,9,0,2021-07-21
,UNIVERSITY CHILD CARE AT MISSION BAY (PS),384003047,LICENSED TO SERVE CHILDREN AGED FROM 2 TO ENTRY OF ELEMENTARY.  DAYS  AND HOURS OF OPERATION: MONDAY - FRIDAY FROM 6:30AM - 6:00PM.         ELECTRANIC SIGN IN AND SIGN OUT WAIVER.,151,https://www.ccld.dss.ca.gov/transparencyapi/api/FacilityDetail/384003047,9,151,2023-03-30
,HELP U GROW (HUG),384003072,LICENSED TO SERVE CHILDREN AGES 2.5 YEARS TO ENTRY INTO FIRST GRADE.  DAYS AND HOURS OF OPERATION: MONDAY-FRIDAY FROM 7:00AM TO 6:00PM.     FACILITY SUBJECT TO CONDITIONS AND LIMITATIONS OF OUTDOOR PLAYGROUND,39,https://www.ccld.dss.ca.gov/transparencyapi/api/FacilityDetail/384003072,4,39,2022-05-04
,CENTRO PRIMEROS PASOS,384003076,LICENSED TO SERVE CHILDREN AGES 2 YRS TO ENTRY INTO 1ST GRADE. DAYS   & HRS OF OPERATION: MON-FRI 8:00AM TO 6:00PM. FACILITY SUBJECT TO     STIPULATIONS & LIMITATIONS OF WAIVER FOR SCHEDULED & SHARED USAGE OF,56,https://www.ccld.dss.ca.gov/transparencyapi/api/FacilityDetail/384003076,4,56,2022-04-08
,LITTLE FOOTPRINTS PRESCHOOL OCEANVIEW,384003083,LICENSED TO SERVE CHILDREN AGES 2 TO ENTRY INTO FIRST GRADE WITH 24   TODDLER OPTION 18 MTH TO 30 MTH. SUBJECT TO TERMS AND CONDITIONS OF   ELECTRONIC SIGNATURE WAIVER AND SCHEDULED PLAYGROUND WAIVER.,104,https://www.ccld.dss.ca.gov/transparencyapi/api/FacilityDetail/384003083,2,104,2023-05-25
,SFUSD-MISSION EDUCATION CENTER ELEMENTARY SCHOOL,384003090,LICENSED TO SERVE CHILDREN AGES 2 TO ENTRY INTO FIRST GRADE IN        CLASSROOM #102. M-F 7:30AM - 5:30PM. SUBJECT TO SHARED RESTROOM WAIVR FOR GIRLS RESTROOM ON THE GROUND FLOOR.,0,https://www.ccld.dss.ca.gov/transparencyapi/api/FacilityDetail/384003090,4,0,2021-08-26
,SEABIRD PRESCHOOL,384003094,LICENSED TO SERVE CHILDREN AGES 2 YEARS TO ENTRY INTO FIRST GRADE.    DAYS AND HOURS OF OPERATION: MONDAY-FRIDAY FROM 7:30AM TO 6:00PM.     FACILITY SUBJECT TO CONDITIONS AND LIMITATIONS OF OUTDOOR PLAYGROUND,61,https://www.ccld.dss.ca.gov/transparencyapi/api/FacilityDetail/384003094,4,61,2023-05-16
,CITY SPROUTS PRESCHOOL,384003095,LICENSED TO SERVE CHILDREN AGES 2 YEARS TO ENTER INTO FIRST GRADE.    TODDLER COMPONENT ON THE GROUND FLOOR OF FACILITY WITH MAX CAP OF NO  MORE THAN 11. FACILITY SUBJECT TO CONDITIONS OF WAIVER FOR SCHEDULED,26,https://www.ccld.dss.ca.gov/transparencyapi/api/FacilityDetail/384003095,9,,2024-11-15
,STRATFORD SCHOOLS-SF 14TH AVE.,384004006,"SERVING CHILDREN AGES 2 YEARS TO ENTRY INTO 1ST GRADE. DAYS & HOURS   OF OPERATION: MON-FRI 7AM - 6PM.  THE PROGRAM IS OPERATED IN ROOMS    113,115,116,MULTIPURPOSE ROOM (GYM),117 & 121. SEE WAIVERS FOR OUTDOOR",77,https://www.ccld.dss.ca.gov/transparencyapi/api/FacilityDetail/384004006,6,,2023-05-05
,"AU P'TIT MONDE, INC.",384004012,"LICENSED TO SERVE CHILDREN AGES 2 YRS TO ENTRY INTO 1ST GRADE.        DAYS & HRS OF OPERATION: MON-FRI, 8AM-5:45PM. FACILITY SUBJECT TO     STIPULATIONS OF WAIVER FOR SCHEDULED USAGE OF OUTDOOR PLAY AREA. NO",50,https://www.ccld.dss.ca.gov/transparencyapi/api/FacilityDetail/384004012,6,,2021-09-22
,TINKER PRESCHOOL COLE VALLEY,384004017,LICENSED TO SERVE 30 PRESCHOOL CHILDREN AGES 2 YEARS TO ENTRY INTO    FIRST GRADE AND 12 TODDLERS AGES 18 TO 36 MONTHS. PROGRAMS MUST       OPERATE SEPARATELY. SEE WAIVER FOR OUTDOOR SCHEDULED ROTATIONS.,42,https://www.ccld.dss.ca.gov/transparencyapi/api/FacilityDetail/384004017,5,,2025-04-22
,CREATIVE MONTESSORI PRESCHOOL,384004021,LICENSED TO SERVE CHILDREN AGES 2 TO ENTRY INTO FIRST GRADE.          DAYS AND HOURS OF OPERATION: MONDAY-FRIDAY FROM 7:00AM-6:00PM         SEE WAIVER FOR ROTATIONAL USAGE OF THE OUTDOOR PLAY AREA.,52,https://www.ccld.dss.ca.gov/transparencyapi/api/FacilityDetail/384004021,6,,2023-04-25
,SUNSHINE ADVENTURES PRESCHOOL,384004025,LICENSED TO SERVE 18 PRESCHOOL CHILDREN; AGES 2 TO ENTRY INTO FIRST   GRADE AND 12 TODDLERS; AGES 18-36 MONTHS. DAYS AND HOURS OF           OPERATION: MONDAY-FRIDAY FROM 7:00AM TO 6:00PM. FACILITY SUBJECT TO,30,https://www.ccld.dss.ca.gov/transparencyapi/api/FacilityDetail/384004025,8,,2023-11-08
,EXCELSIOR FAMILY CONNECTIONS,384004089,LICENSED TO SERVE CHILDREN AGES 2 YEARS TO ENTRY INTO 1ST GRADE. DAYS AND HOURS OF OPERATION: MONDAY - FRIDAY 9:00 AM TO 4:00 PM. FACILITY  SUBJECT TO CONDITIONS OF WAIVER FOR SCHEDULED USAGE OF THE OUTDOOR,20,https://www.ccld.dss.ca.gov/transparencyapi/api/FacilityDetail/384004089,4,20,2022-11-16
,"LITTLE SUN, LLC",384004102,LICENSED TO SERVE CHILDREN AGES 2 YEARS TO ENTRY INTO FIRST GRADE.    DAYS AND HOURS OF OPERATION: MON-FRI 8:00AM TO 5:30PM. FACILITY       SUBJECT TO STIPULATIONS AND LIMITATIONS OF WAIVER FOR OUTDOOR,0,https://www.ccld.dss.ca.gov/transparencyapi/api/FacilityDetail/384004102,6,0,2021-06-18
,SUNNY INFANT & PRESCHOOL CENTER (PRESCHOOL),384004105,LICENSED TO SERVE CHILDREN AGES 2 YRS TO ENTRY INTO 1ST GRADE. DAYS   & HRS OF OPERATION: MON-FRI 7:30AM-6:00PM. FACILITY SUBJECT TO        CONDITIONS OF WAIVER FOR SHARED & SCHEDULED USAGE OF THE OUTDOOR PLAY,23,https://www.ccld.dss.ca.gov/transparencyapi/api/FacilityDetail/384004105,7,,2024-04-03
,CREATIVE GARDENS,384004110,LICENSED TO SERVE 38 CHILDREN AGES 2 YRS TO ENTRY INTO 1ST GRADE &    12 CHILDREN AGES 18-36 MONTHS. DAYS & HRS OF OPERATION: MON-FRI 8AM   TO 6PM. FACILITY SUBJECT TO CONDITIONS OF WAIVER FOR SCHEDULED USAGE,56,https://www.ccld.dss.ca.gov/transparencyapi/api/FacilityDetail/384004110,8,,2024-08-28
,"STUDIO MONTESSORI, LLC (PS)",384004114,LICENSED TO SERVE CHILDREN AGES 2 YRS TO ENTRY INTO 1ST GRADE. DAYS & HOURS OF OPERATION: MON-THUR 8AM-6PM & FRI 9AM-4:30PM. FACILITY HAS NOOUTDOOR PLAY AREA AND IS SUBJECT TO STIPULATIONS AND LIMITATIONS OF,31,https://www.ccld.dss.ca.gov/transparencyapi/api/FacilityDetail/384004114,13,,2022-05-12
,TINKER PRESCHOOL PARK PRESIDIO,384004122,LICENSED TO SERVE 23 CHILDREN AGES 2 YRS-ENTRY INTO 1ST GRADE & 12    CHILDREN AGES 18-36 MONTHS. DAYS & HRS OF OPERATION: MON-FRI 8AM TO   5:30PM. FACILITY SUBJECT TO CONDITIONS OF WAIVER FOR USAGE OF,35,https://www.ccld.dss.ca.gov/transparencyapi/api/FacilityDetail/384004122,7,,2022-04-05
,"AVENUES KINDERCARE, THE",384004134,LICENSED TO SERVE CHILDREN AGES 2 YEARS TO ENTRY INTO FIRST GRADE.    DAYS AND HOURS OF OPERATION: MONDAY-FRIDAY FROM 7:00AM TO 6:00PM.,94,https://www.ccld.dss.ca.gov/transparencyapi/api/FacilityDetail/384004134,8,,2021-09-22
,BUILDING KIDZ SCHOOL OF SAN FRANCISCO,384004137,LICENSED TO SERVE CHILDREN AGES 2 YRS TO ENTRY INTO 1ST GRADE. DAYS & HRS OF OPERATION: MON-FRI 7:00AM-6:00PM.FACILITY SUBJECT TO CONDITIONSOF WAIVER FOR SCHEDULED USAGE OF THE OUTOOR PLAY AREA. NO MORE THAN 9,25,https://www.ccld.dss.ca.gov/transparencyapi/api/FacilityDetail/384004137,4,25,2021-11-03
,PEEKADOODLE ACADEMY PRESCHOOL,384004147,"LICENSED TO SERVE 12 CHILDREN AGES 18-36 MONTHS IN ROOM #2 & 62       CHILDREN AGES 2 YRS TO ENTRY INTO 1ST GRADE IN ROOMS 1, 3, 4, 5 & 6.  DAYS & HRS OF OPERATION: MON-FRI 8AM-6PM. SEE WAIVER FOR SCHEDULED",0,https://www.ccld.dss.ca.gov/transparencyapi/api/FacilityDetail/384004147,5,0,2021-09-13
,STRATFORD SCHOOL,384004165,"LICENSED TO SERVE CHILDREN AGES TWO YEARS TO ENTRY INTO FIRST GRADE.  AMBULATORY ONLY. ROOMS TO BE USED: 111, 112, 113, 114, 115, 116, 117  AND 118. CAPACITY OF OUTDOOR SPACE ALLOWS FOR ONLY 99 CHILDREN AT A",150,https://www.ccld.dss.ca.gov/transparencyapi/api/FacilityDetail/384004165,10,,2021-04-21
,SOUTH OF MARKET CHILD CARE-TRANSBAY CDC,384004171,LICENSED TO SERVE 48 CHILDREN AGES 2 YRS TO ENTRY INTO 1ST GRADE & 12 CHILDREN AGES 18-36 MONTHS. DAYS & HRS OF OPERATION: MON-FRI 7:30AM   TO 6:00PM. FACILITY SUBJECT TO WAIVER FOR SCHEDULED USAGE OF OUTDOOR,60,https://www.ccld.dss.ca.gov/transparencyapi/api/FacilityDetail/384004171,10,,2021-09-03
,LAUREL HEIGHTS CHILD DEVELOPMENT CENTER(PS),384004176,LICENSED TO SERVE CHILDREN AGES 2 YRS TO ENTRY INTO 1ST GRADE IN SIX  ROOMS ON THE 2ND FLOOR. DAYS & HRS OF OPERATION: MON-FRI 6:30AM-6:00PMFACILITY SUBJECT TO STIPULATIONS OF WAIVER FOR SCHEDULED USAGE OF,110,https://www.ccld.dss.ca.gov/transparencyapi/api/FacilityDetail/384004176,14,,2021-10-06
,L'ACADEMY PRESCHOOL SF NOB HILL,384004192,LICENSED TO SERVE CHILDREN AGES TWO YEARS OLD TO ENTRY INTO FIRST     GRADE.  LICENSURE IS SUBJECT TO CONDITIONS OF THE OUTDOOR SPACE       WAIVER.,26,https://www.ccld.dss.ca.gov/transparencyapi/api/FacilityDetail/384004192,9,,2023-07-19
,LITTLE BEE PRESCHOOL,384004231,LICENSED TO SERVE 72 CHILDREN AGES 2 YRS TO ENTRY INTO 1ST GRADE & 24 TODDLERS AGES 18-36 MONTHS. FACILITY SUBJECT TO CONDITIONS OF WAIVER  FOR SCHEDULED USAGE OF OUTDOOR PLAY AREA. ONLY 27 ALLOWED AT A TIME.,46,https://www.ccld.dss.ca.gov/transparencyapi/api/FacilityDetail/384004231,7,46,2023-03-09
,WAH MEI AT KIDS BY THE BAY-FD(PS),384004235,LICENSED TO SERVE CHILDREN AGES TWO YEARS OLD TO ENTRY INTO FIRST     GRADE.,30,https://www.ccld.dss.ca.gov/transparencyapi/api/FacilityDetail/384004235,4,30,2023-08-21
,ST. STEPHEN PRESCHOOL,384004245,FACILITY LICENSED TO SERVE CHILDREN AGES 3 YEARS TO ENTRY INTO FIRST  GRADE. DAYS AND HOURS OF OPERATION: MONDAY-FRIDAY 8:00AM TO 5:00PM.,31,https://www.ccld.dss.ca.gov/transparencyapi/api/FacilityDetail/384004245,4,31,2022-02-23
,NOPA MONTESSORI,384004262,LICENSED TO SERVE CHILDREN AGES 2 YEARS TO ENTRY INTO FIRST GRADE.    AMBULATORY ONLY.  TODDLER OPTION COMPONENT (AGES 18 MONTHS TO 36      MONTHS OLD) NOT TO EXCEED 12 CHILDREN.  OPEN SPACE WAIVER IS APPROVED,0,https://www.ccld.dss.ca.gov/transparencyapi/api/FacilityDetail/384004262,4,0,2020-11-24
,YMCA OF SF-MISSION BRANCH-ALICE CHALMERS PRESCHOOL,384004267,LICENSED TO SERVE CHILDREN AGES 2 YEARS TO ENTRY INTO FIRST GRADE.    DAYS AND HOURS OF OPERATION: MONDAY-FRIDAY FROM 7:00AM TO 6:00PM.,32,https://www.ccld.dss.ca.gov/transparencyapi/api/FacilityDetail/384004267,6,,2025-01-31
,"CASA DEI BAMBINI SCHOOL, INC.",384004272,LICENSED TO SERVE CHILDREN AGES 2 YRS TO ENTRY INTO 1ST GRADE. DAYS   AND HOURS OF OPERATION: MONDAY-FRIDAY 8AM TO 5PM. FACILITY SUBJECT TO CONDITIONS OF WAIVER FOR SCHEDULED USAGE OF THE OUTDOOR PLAY AREA.,0,https://www.ccld.dss.ca.gov/transparencyapi/api/FacilityDetail/384004272,5,0,2021-06-22
,JUST KIDS PRESCHOOL,384004285,LICENSED TO SERVE AGES 2 TO ENTRY TO KINDERGARTEN. OPERATES MONDAY -  FRIDAY 7:30AM-6:00PM.SUBJECT TO TERMS AND CONDITIONS OF OUTDOOR       ROTATIONS WAIVER.,24,https://www.ccld.dss.ca.gov/transparencyapi/api/FacilityDetail/384004285,6,,2023-11-15
,GERMAN INTERNATIONAL SCHOOL OF SILICON VALLEY,384004290,"LICENSED TO SERVE 64 CHILDREN AGES TWO TO ENTRY INTO FIRST GRADE IN   ROOMS #101, #102, #201, AND THE MULTIPURPOSE ROOM. NO MORE THAN FIVE  CHILDREN UNDER THE AGE OF THREE AT ANY TIME.",64,https://www.ccld.dss.ca.gov/transparencyapi/api/FacilityDetail/384004290,8,,2025-09-26
,MIO-PRESCHOOL,384004296,LICENSED TO SERVE CHILDREN AGES TWO YEARS OLD TO ENTRY INTO FIRST     GRADE. AMBULATORY ONLY. SUBJECT TO CONDITIONS OF THE OPEN SPACE       WAIVER.,0,https://www.ccld.dss.ca.gov/transparencyapi/api/FacilityDetail/384004296,7,0,2021-02-10
,L'ACADEMY PRESCHOOL SF SOMA,384004297,LICENSED TO SERVE 39 CHILDREN: 27 CHILDREN AGES 2 TO ENTRY TO FIRST   GRADE; AND 12 TODDLERS AGES 18 MONTHS TO 36 MONTHS. PROGRAM OPERATES  M-F 7:00AM-6:00PM. SUBJECT TO TERMS AND CONDITIONS FOR OUTDOOR R TION,39,https://www.ccld.dss.ca.gov/transparencyapi/api/FacilityDetail/384004297,8,,2025-09-11
,STS. PETER AND PAUL-LAURA VICUNA PRE-KINDERGARTEN,384004299,LICENSED TO SERVE CHILDREN AGES 2 YEARS TO ENTRY INTO FIRST GRADE.    AMBULATORY ONLY.,0,https://www.ccld.dss.ca.gov/transparencyapi/api/FacilityDetail/384004299,6,0,2021-10-01
,RICHMOND ACADEMY,384004300,"LICENSED TO SERVE 72 CHILDREN WITH TODDLER OPTION:60 CHILDREN         AGES 2-6 YEARS OLD AND 12 TODDLER AGES 18-36MONTHS.DAYS & HOURS OF    OPERATION:M-F,7:00AM-6:00PM. SUBJECT TO TERMS AND CONDITIONS FOR GROSS",72,https://www.ccld.dss.ca.gov/transparencyapi/api/FacilityDetail/384004300,7,,2024-07-12
,"PETITE EXPLORER, INC.",384004334,LICENSED TO SERVE CHILDREN AGES TWO YEARS TO ENTRY INTO FIRST GRADE.  AMBULATORY ONLY. SUBJECT TO TERMS AND CONDITIONS OF OUTDOOR WAIVER.,0,https://www.ccld.dss.ca.gov/transparencyapi/api/FacilityDetail/384004334,4,0,2021-01-08
,MISSION KIDS,384004339,"LICENSED TO SERVE CHILDREN AGES TWO TO ENTRY INTO FIRST GRADE.ROOMS   TO BE USED:1,2,3,4,5,6 & ACTIVITY ROOM.SUBJECT TO TERMS AND CONDITIONSFOR OUTDOOR ROTATION WAIVER.",96,https://www.ccld.dss.ca.gov/transparencyapi/api/FacilityDetail/384004339,5,,2021-12-03
,TEL HI MISSION BAY CHILD CARE,384004340,LICENSED TO SERVE CHILDREN AGES 2 YEARS OLD TO ENTRY INTO FIRST       GRADE.AMBULATORY ONLY.TODDLER OPTION (AGES 18 MO. TO 36 MO.) NOT TO   EXCEED 12 CHILDREN. LICENSURE IS SUBJECT TO CONDITIONS OF THE OUTDOOR,0,https://www.ccld.dss.ca.gov/transparencyapi/api/FacilityDetail/384004340,4,0,2021-05-11
,LITTLE PANDA PRESCHOOL,384004387,LICENSED TO SERVE CHILDREN AGES 2 YEARS OLD TO ENTRY INTO FIRST       GRADE. AMBULATORY ONLY. TODDLER OPTION NOT TO EXCEED 12 CHILDREN AGES 18 MONTHS TO 3 YEARS OLD. LICENSURE IS SUBJECT TO CONDITIONS OF THE,58,https://www.ccld.dss.ca.gov/transparencyapi/api/FacilityDetail/384004387,9,,2024-09-25
,MISSION HEAD START- LA FENIX AT 1950(PS),384004393,"LICENSED TO SERVE CHILDREN AGES 2 TO KINDERGARTEN. HOURS OF OPERATION M-F, 8:00AM-5:30PM IN PRESCHOOL CLASSROOM AND CONFERENCE ROOM.",0,https://www.ccld.dss.ca.gov/transparencyapi/api/FacilityDetail/384004393,5,0,2021-05-21
,KAI MING PMSQUARE CHILDREN'S CENTER-PS,384004402,"LICENSED TO SERVE 20 CHILDREN AGES 2 TO ENTRY TO KINDERGARTEN. HOURS  OF OPERATOIN M-F,8:00AM - 5:30PM. TERMS AND CONDITIONS OF OUTDOOR     ROTATION & SHARED OUTDOOR SPACE.",20,https://www.ccld.dss.ca.gov/transparencyapi/api/FacilityDetail/384004402,7,,2022-08-26
,SFUSD-TULE ELK PARK EARLY EDUCATION SCHOOL,384004405,LICENSED TO SERVE CHILDREN AGES TWO YEARS OLD TO ENTRY INTO FIRST     GRADE. THREE MAY BE NON-AMBULATORY.,0,https://www.ccld.dss.ca.gov/transparencyapi/api/FacilityDetail/384004405,7,0,2021-11-19
,CCFC-GOLDEN GATE CENTER,384004423,LICENSED TO SERVE CHILDREN AGES TWO YEARS OLD TO ENTRY INTO FIRST     GRADE. PROGRAM INCLUDES A TODDLER OPTION COMPONENT FOR CHILDREN AGES  18 MONTHS TO THREE YEARS OLD. TODDLER OPTION GROUP SIZE NOT TO EXCEED,0,https://www.ccld.dss.ca.gov/transparencyapi/api/FacilityDetail/384004423,5,0,2021-06-22
,MEANINGFUL BEGINNINGS DEVELOPMENT CTR.,384004440,LICENSED TO SERVE CHILDREN AGES 2 YEARS OLD TO ENTRY INTO FIRST       GRADE. LICENSURE IS SUBJECT TO CONDITIONS OF THE OUTDOOR ROTATION     WAIVER.,46,https://www.ccld.dss.ca.gov/transparencyapi/api/FacilityDetail/384004440,8,,2023-09-15
,YMCA SF CHINATOWN-TUNGLOK EARLY LEARNING CENTER,384004449,LICENSED TO SERVE CHILDREN AGES TWO YEARS OLD TO ENTRY INTO FIRST     GRADE. SUBJECT TO THE TERMS AND CONDITIONS OF WAIVERS FOR ROTATIONAL  USE OF OUTDOOR PLAY AREA.,36,https://www.ccld.dss.ca.gov/transparencyapi/api/FacilityDetail/384004449,6,,2025-08-12
,PROJECT COMMOTION-LAS LUCIERNAGAS,384004459,LICENSED TO SERVE 12 CHILDREN: AGES 2-6 YRS. DAYS & HOURS OF          OPERATION: 8:00AM-3:30PM. LICENSED TO USE CLASSROOM & MULTIPURPOSE    AREA. ***SEE OUTDOOR ROTATIONWAIVER***,0,https://www.ccld.dss.ca.gov/transparencyapi/api/FacilityDetail/384004459,6,0,2021-09-02
,EXPLORER MANDARIN IMMERSION,384004460,LICENSED TO SERVE CHILDREN AGES 2 TO ENTRY TO FIRST GRADE . SUBJECT TO TERMS AND CONDITIONS OF OUTDOOR ROTATION.,38,https://www.ccld.dss.ca.gov/transparencyapi/api/FacilityDetail/384004460,5,,2023-10-10
,"DAHLIA SCHOOL, THE",384004471,LICENSED TO SERVE CHILDREN AGES 2 YEARS TO ENTRY INTO FIRST GRADE.    TODDLER OPTION AGES 18 MONTHS TO 26 MONTHS SHALL NOT EXCEED 12        CHILDREN. LICENSED TO USE MULTI-PURPOSE AREA IN FACILITY. HOURS OF,0,https://www.ccld.dss.ca.gov/transparencyapi/api/FacilityDetail/384004471,6,0,2021-08-27
,BANANA FANA PRESCHOOL,384004477,LICENSED TO SERVE 50 CHILDREN AGES 2 TO ENTRY TO FIRST GRADE. DAYS    AND HOURS OF OPERATION: MON-FRI FROM 8AM-5PM. SUBJECT TO TERMS AND    CONDITIONS OF OUTDOOR SPACE WAIVER.,40,https://www.ccld.dss.ca.gov/transparencyapi/api/FacilityDetail/384004477,8,,2024-04-16
,LITTLE ANGELS JAPANESE PRESCHOOL,384004486,LICENSED TO SERVE 12 CHILDREN AGES 2 YRS TO ENTRY INTO 1ST GRADE      DAYS & HRS OF OPERATION: MON-FRI 9AM TO 3PM,12,https://www.ccld.dss.ca.gov/transparencyapi/api/FacilityDetail/384004486,8,12,2022-07-26
,FUN WITH MANDARIN PRESCHOOL LLC,384004491,LICENSED TO SERVE CHILDREN AGES TWO YEARS OLD TO ENTRY INTO FIRST     GRADE. TODDLER OPTION COMPONENT NOT TO EXCEED 12 CHILDREN. LICENSURE  SUBJECT TO CONDITIONS OF THE OUTDOOR ACTIVITY SPACE ROTATION WAIVER.,66,https://www.ccld.dss.ca.gov/transparencyapi/api/FacilityDetail/384004491,6,,2024-10-17
,WU YEE CHILDREN'S SERVICES-SOUTHEAST ELC,384004495,"LICENSED TO SERVE 45 CHILDREN AGES 2 TO ENTRY TO FIRST GRADE, & 8 CHILDREN AGES 18-36 MOS. IN TODDLER OPTION. HOURS OF OPERATION: MONDAY-FRIDAY FROM 7:00AM TO 6:00PM",53,https://www.ccld.dss.ca.gov/transparencyapi/api/FacilityDetail/384004495,14,,2022-12-13
,SOMA DAYCARE & PRESCHOOL,384004498,LICENSED TO SERVE CHILDREN AGES 2 YEARS OLD TO ENTRY INTO FIRST       GRADE. TODDLER OPTION (AGES 18-36 MONTHS) NOT TO EXCEED 6 CHILDREN.,0,https://www.ccld.dss.ca.gov/transparencyapi/api/FacilityDetail/384004498,5,0,2021-10-28
,SOLMAR LEARNING CENTER,384004505,LICENSED TO SERVE CHILDREN AGES 2 YEARS OLD TO ENTRY INTO FIRST       GRADE. DAYS AND HOURS OF OPERATION: MONDAY THROUGH FRIDAY 7:30AM TO   5:30PM. ***SEE OUTDOOR ROTATION WAIVER***,18,https://www.ccld.dss.ca.gov/transparencyapi/api/FacilityDetail/384004505,5,,2025-07-23
,SUNSHINE ADVENTURES NOB HILL,384004534,LICENSED TO SERVE CHILDREN AGES 2 TO ENTRY INTO FIRST GRADE. TODDLER  OPTION FOR 8 CHILDREN AGES 18-36 MONTHS. HOURS OF OPERATION:          MONDAY-FRIDAY FROM 8AM TO 630PM. SUBJECT TO TERMS AND CONDITIONS OF,24,https://www.ccld.dss.ca.gov/transparencyapi/api/FacilityDetail/384004534,4,24,2022-02-16
,NOPA MONTESSORI,384004541,LICENSED TO SERVE CHILDREN AGES 2 YEARS TO ENTRY INTO FIRST GRADE. AMBULATORY ONLY. OPEN SPACE AND MULTIPURPOSE ROOM WAIVERS ARE APPROVED AND LICENSURE IS SUBJECT TO CONDITIONS AS STATED ON THE WAIVERS.,24,https://www.ccld.dss.ca.gov/transparencyapi/api/FacilityDetail/384004541,2,24,2022-06-06
,L'ACADEMY LANGUAGE IMMERSION PRESCHOOL SF CPMC PS,384004574,LICENSED TO SERVE CHILDREN AGES 2 YEARS OLD TO ENTRY INTO FIRST       GRADE. LICENSURE IS SUBJECT TO CONDITIONS OF THE OUTDOOR SPACE        WAIVER.,24,https://www.ccld.dss.ca.gov/transparencyapi/api/FacilityDetail/384004574,6,,2025-04-28
,NEW JOURNEY MANDARIN IMMERSION,384004581,LICENSED TO SERVE 12 TODDLERS (18 MONTHS-36 MONTHS) & 28 CHILDREN     AGES 2 TO ENTRY INTO FIRST GRADE.  SUBJECT TO TERMS AND CONDITION OF  THE OPEN SPACE WAIVER.,45,https://www.ccld.dss.ca.gov/transparencyapi/api/FacilityDetail/384004581,6,45,2022-08-24
,"GARDEN SCHOOL, THE",384004582,LICENSED TO SERVE 24 CHILDREN AGES 2 TO ENTRY INTO FIRST GRADE. HOURS OF OPERATION: MONDAY-FRIDAY 8:00AM-6:00PM. SUBJECT TO TERMS AND CONDITION OF OPEN SPACE WAIVER.,30,https://www.ccld.dss.ca.gov/transparencyapi/api/FacilityDetail/384004582,5,30,2022-09-27
,MISSION MONTESSORI (PS),384004587,LICENSED TO SERVE CHILDREN AGES 2 TO ENTRY INTO FIRST GRADE. HOURS OF OPERATION: MONDAY-FRIDAY FROM 8:00AM-5:15PM. SUBJECT TO TERMS AND CONDITIONS OF OUTDOOR ROTATION SCHEDULE WAIVER.,120,https://www.ccld.dss.ca.gov/transparencyapi/api/FacilityDetail/384004587,14,,2023-12-07
,GOOD SAMARITAN FAMILY RESOURCE CENTER,384004598,LICENSED TO SERVE CHILDREN AGES 2 TO ENTRY INTO FIRST GRADE. HOURS OF OPERATION: MONDAY-FRIDAY FROM 8:00AM-5:30PM. SUBJECT TO TERMS AND CONDITIONS OF OUTDOOR ROTATION WAIVER.,48,https://www.ccld.dss.ca.gov/transparencyapi/api/FacilityDetail/384004598,4,48,2023-02-08
,SFUSD-HAVARD@GEORGE WASHINGTON CARVER ELEMENTARY,384004601,LICENSED TO SERVE 144 CHILDREN AGES TWO TO ENTRY INTO FIRST GRADE.    DAYS AND HOURS OF OPERATION: MONDAY-FRIDAY FROM 7:45AM-5:45PM.,144,https://www.ccld.dss.ca.gov/transparencyapi/api/FacilityDetail/384004601,10,144,2022-08-10
,LITTLE ROBLES IN THE SUNSET,384004603,"LICENSED TO SERVE PRESCHOOL CHILDREN AGES 2 TO ENTRY INTO FIRST       GRADE, WITH TODDLER OPTION COMPONENT AGES 18-36 MONTHS NOT TO EXCEED  GROUPS OF 12.  HOURS OF OPERATION WILL BE 8:30AM - 5:00PM MONDAY -",0,https://www.ccld.dss.ca.gov/transparencyapi/api/FacilityDetail/384004603,8,0,2023-01-18
,BUILDING KIDZ SAN FRANCISCO AT SUNSET,384004605,LICENSED TO SERVE CHILDREN AGES 2 TO ENTRY INTO FIRST GRADE. SUBJECT TO TERMS AND CONDITIONS OF WAIVER FOR ROTATIONAL USE OF OUTDOOR PLAY AREA.,45,https://www.ccld.dss.ca.gov/transparencyapi/api/FacilityDetail/384004605,4,45,2022-10-28
,PANDA CHILDREN'S CENTER,384004609,LICENSED TO SERVE CHILDREN AGES 2 TO ENTRY INTO FIRST GRADE. SUBJECT  TO TERMS AND CONDITIONS OF WAIVER FOR ROTATIONAL USAGE OF OUTDOOR     PLAY AREA.,30,https://www.ccld.dss.ca.gov/transparencyapi/api/FacilityDetail/384004609,7,30,2022-10-25
,POTRERO HILL MONTESSORI SCHOOL,384004643,LICENSED TO SERVE 30 CHILDREN AGES 2 YRS TO ENTRY INTO 1ST GRADE & 24 CHILDREN AGES 18-36 MONTHS. DAYS & HRS OF OPERATION: MON-FRI 7:00AM-6:00PM. SUBJECT TO TERMS AND CONDITIONS TO OPEN SPACE WAIVER.,54,https://www.ccld.dss.ca.gov/transparencyapi/api/FacilityDetail/384004643,13,,2024-06-05
,AMIGOS DE PRESIDIO HEIGHTS,384004665,LICENSED TO SERVE 15 PRESCHOOL CHILDREN AGES 2 YEARS TO ENTRY INTO FIRST GRADE IN AMIGOS DE PRESIDIO HEIGHTS CLASSROOM ONLY. LICENSED TO USEBASKETBALL COURT AND ENCLOSED PLAYGROUND #2 ONLY. HOURS OF OPERATION M,0,https://www.ccld.dss.ca.gov/transparencyapi/api/FacilityDetail/384004665,4,0,2023-04-07
,WU YEE CHILDREN'S SERVICES- SCOTIA ELC,384004667,LICENSED TO SERVE 18 CHILDREN FROM AGES TWO YEARS OLD TO ENTRY INTO FIRST GRADE. DAYS AND HOURS OF OPERATION: MONDAY-FRIDAY FROM 7:00AM-6:00PM.,26,https://www.ccld.dss.ca.gov/transparencyapi/api/FacilityDetail/384004667,4,26,2023-08-09
,CYPRESS SCHOOL OF SAN FRANCISCO,384004684,"LICENSED TO SERVE 150 PRESCHOOL CHILDREN AGES 2 YEARS TO ENTRY INTO   FIRST GRADE IN RMS HUMMINGBIRD, SPARROW, PLOVER, SANDPIPER, STELLAR   JAY, ROBIN AND HAWK. LICENSED FOR 3 PLAYGROUNDS(YOUNG 2S, 2-3 YEARS,",150,https://www.ccld.dss.ca.gov/transparencyapi/api/FacilityDetail/384004684,6,,2024-05-17
,SHERITH ISRAEL PRESCHOOL,384004702,LICENSED TO SERVE 75 CHILDREN AGES 2 YEARS OLD TO ENTRY INTO FIRST GRADE. DAYS AND HOURS OF OPERATION: MONDAY-FRIDAY 8:00AM-5:30PM.SUBJECT TO TERMS AND CONDITIONS OF OPEN SPACE WAIVER,81,https://www.ccld.dss.ca.gov/transparencyapi/api/FacilityDetail/384004702,4,81,2023-06-21
,WU YEE CHILDREN'S SERVICES-OCEAN ELC,384004743,LICENSED TO SERVE 40 CHILDREN FROM AGES TWO YEARS OLD TO ENTRY INTO FIRST GRADE. DAYS AND HOURS OF OPERATION: MONDAY-FRIDAY FROM 7:00AM-6:00PM.,40,https://www.ccld.dss.ca.gov/transparencyapi/api/FacilityDetail/384004743,5,40,2023-11-13
,MOLDOVAN ACADEMY,384004747,LICENSED TO SERVE 49 CHILDREN AGES TWO YEARS OLD TO ENTRY INTO FIRST  GRADE & 16 CHILDREN AGES 18 TO 36 MONTHS ON FIRST FLOOR ONLY. DAYS    AND HOURS OF OPERATION: MON - FRI FROM 7:00AM - 6:00PM. FACILITY,45,https://www.ccld.dss.ca.gov/transparencyapi/api/FacilityDetail/384004747,5,45,2023-08-15
,CENTRO PRIMEROS PASOS,384004764,"LICENSED TO SERVE CHILDREN AGES 2 TO ENTRY INTO FIRST GRADE, WITH TODDLER OPTION (AGES 18-36 MONTHS) NOT TO EXCEED GROUPS OF 12. DAYS AND HOURS OF OPERATION: MONDAY-FRIDAY FROM 8:00AM-5:30PM. SUBJECT TO TERMS A",40,https://www.ccld.dss.ca.gov/transparencyapi/api/FacilityDetail/384004764,7,,2025-06-10
,APPLE TREE CHILDREN CENTER-PRESCHOOL,384004774,LICENSED TO SERVE CHILDREN AGES 2 TO ENTRY INTO FIRST GRADE. DAYS AND HOURS OF OPERATION: MONDAY-FRIDAY FROM 8:00AM -5:30PM.,60,https://www.ccld.dss.ca.gov/transparencyapi/api/FacilityDetail/384004774,3,60,2023-09-27
,BUILDING KIDZ ON 20TH AVENUE,384004791,LICENSED TO SERVE 26 PRESCHOOL CHILDREN AGES 2 YEARS TO ENTRY INTO    FIRST GRADE. DAYS AND HOURS OF OPERATION: MONDAY-FRIDAY               7:30AM-5:30PM. SUBJECT TO THE TERMS AND CONDITIONS OF OUTDOOR,50,https://www.ccld.dss.ca.gov/transparencyapi/api/FacilityDetail/384004791,3,50,2023-11-08
,POTRERO SPACE PRESCHOOL,384004795,LICENSED TO SERVE 52 CHILDREN AGES TWO YEARS OLD TO ENTRY INTO FIRST  GRADE. DAYS AND HOURS OF OPERATION: MONDAY-FRIDAY FROM 8:00AM-5:30PM.,40,https://www.ccld.dss.ca.gov/transparencyapi/api/FacilityDetail/384004795,3,40,2023-12-12
,C5 SF PERMIT BUILDING CENTER,384004798,"LICENSED TO SERVE 54 CHILDREN AGES TWO YEARS OLD TO ENTRY INTO FIRST GRADE, WITH TODDLER OPTION (AGES 18-36 MONTHS) NOT TO EXCEED GROUPS OF 12. DAYS AND HOURS OF OPERATION: MONDAY-FRIDAY FROM 8:00AM-5:30PM.",48,https://www.ccld.dss.ca.gov/transparencyapi/api/FacilityDetail/384004798,3,48,2023-11-29
,DONUM DEI NEST PRESCHOOL,384004802,"LICENSED TO SERVE 12 PRESCHOOL CHILDREN (AGES 2 YEARS TO ENTRY INTO   FIRST GRADE) IN PRESCHOOL CLASSROOM ONLY. HOURS OF OPERATION: M-F     8:00AM TO 5:30PM. LICENSED FOR OUTDOOR TURF AREA, PLAY STRUCTURE AND",0,https://www.ccld.dss.ca.gov/transparencyapi/api/FacilityDetail/384004802,2,0,2024-05-07
,WONDER YEARS SCHOOL,384004810,"LICENSED TO SERVE 45 PRESCHOOL CHILDREN (2 YEARS TO ENTRY INTO FIRST  GRADE)IN PRESCHOOL CLASSROOM. LICENSED FOR CLIMBING ROOM,             PLAY ROOM, AND ACTIVITY AREA. *SEE OUTDOOR WAIVER*",0,https://www.ccld.dss.ca.gov/transparencyapi/api/FacilityDetail/384004810,3,0,2024-11-05
,BUILDING KIDZ ON 20TH AVENUE,384004823,LICENSED TO SERVE 20 CHILDREN: 8 PRESCHOOL CHILDREN AGES 2 YEARS TO   ENTRY INTO FIRST GRADE. TODDLER OPTION: LICENSED FOR 12 TODDLERS AGES 18 MOS-36 MOS. WITH OUTDOOR ROTATION WAIVER.,7,https://www.ccld.dss.ca.gov/transparencyapi/api/FacilityDetail/384004823,2,7,2023-12-27
